<?xml version="1.0" encoding="UTF-8"?>
<metadata xml:lang="en"><Esri><CreaDate>20171206</CreaDate><CreaTime>10415500</CreaTime><ArcGISFormat>1.0</ArcGISFormat><SyncOnce>FALSE</SyncOnce><DataProperties><itemProps><itemName Sync="TRUE">All_basins_2013_8D_Mn</itemName><imsContentType Sync="TRUE">002</imsContentType><itemSize Sync="TRUE">0.000</itemSize><itemLocation><linkage Sync="TRUE">file://\\WORK_BEAST\D$\OneDrive\work\research\CHaMP\GIS\coverages\GPP\All_basins_2013_8D_Mn.shp</linkage><protocol Sync="TRUE">Local Area Network</protocol></itemLocation></itemProps><coordRef><type Sync="TRUE">Projected</type><geogcsn Sync="TRUE">GCS_North_American_1983</geogcsn><csUnits Sync="TRUE">Linear Unit: Meter (1.000000)</csUnits><projcsn Sync="TRUE">NAD_1983_Albers</projcsn><peXml Sync="TRUE">&lt;ProjectedCoordinateSystem xsi:type='typens:ProjectedCoordinateSystem' xmlns:xsi='http://www.w3.org/2001/XMLSchema-instance' xmlns:xs='http://www.w3.org/2001/XMLSchema' xmlns:typens='http://www.esri.com/schemas/ArcGIS/10.1'&gt;&lt;WKT&gt;PROJCS[&amp;quot;NAD_1983_Albers&amp;quot;,GEOGCS[&amp;quot;GCS_North_American_1983&amp;quot;,DATUM[&amp;quot;D_North_American_1983&amp;quot;,SPHEROID[&amp;quot;GRS_1980&amp;quot;,6378137.0,298.257222101]],PRIMEM[&amp;quot;Greenwich&amp;quot;,0.0],UNIT[&amp;quot;Degree&amp;quot;,0.0174532925199433]],PROJECTION[&amp;quot;Albers&amp;quot;],PARAMETER[&amp;quot;False_Easting&amp;quot;,700000.0],PARAMETER[&amp;quot;False_Northing&amp;quot;,0.0],PARAMETER[&amp;quot;Central_Meridian&amp;quot;,-117.0],PARAMETER[&amp;quot;Standard_Parallel_1&amp;quot;,43.0],PARAMETER[&amp;quot;Standard_Parallel_2&amp;quot;,48.0],PARAMETER[&amp;quot;Latitude_Of_Origin&amp;quot;,41.0],UNIT[&amp;quot;Meter&amp;quot;,1.0]]&lt;/WKT&gt;&lt;XOrigin&gt;-14610900&lt;/XOrigin&gt;&lt;YOrigin&gt;-8532600&lt;/YOrigin&gt;&lt;XYScale&gt;294143363.70628083&lt;/XYScale&gt;&lt;ZOrigin&gt;-100000&lt;/ZOrigin&gt;&lt;ZScale&gt;10000&lt;/ZScale&gt;&lt;MOrigin&gt;-100000&lt;/MOrigin&gt;&lt;MScale&gt;10000&lt;/MScale&gt;&lt;XYTolerance&gt;0.001&lt;/XYTolerance&gt;&lt;ZTolerance&gt;0.001&lt;/ZTolerance&gt;&lt;MTolerance&gt;0.001&lt;/MTolerance&gt;&lt;HighPrecision&gt;true&lt;/HighPrecision&gt;&lt;/ProjectedCoordinateSystem&gt;</peXml></coordRef><lineage><Process ToolSource="c:\program files (x86)\arcgis\desktop10.2\ArcToolbox\Toolboxes\Data Management Tools.tbx\Merge" Date="20171122" Time="115835">Merge Wen;Ent;Aso;LCW;JD;Lem;Loch;Lolo;Met;Min;Panth;Pahs;SFSal;Tuc;UGR;YF;USal D:\OneDrive\work\research\CHaMP\GIS\coverages\GPP\All_basins_2013_8D_Mn.shp "TMn13_001 "TMn13_001" true true false 19 Double 15 18 ,First,#,Wen,TMn13_001,-1,-1,Ent,TMn13_001,-1,-1,Aso,TMn13_001,-1,-1,LCW,TMn13_001,-1,-1,JD,TMn13_001,-1,-1,Lem,TMn13_001,-1,-1,Loch,TMn13_001,-1,-1,Lolo,TMn13_001,-1,-1,Met,TMn13_001,-1,-1,Min,TMn13_001,-1,-1,Panth,TMn13_001,-1,-1,Pahs,TMn13_001,-1,-1,SFSal,TMn13_001,-1,-1,Tuc,TMn13_001,-1,-1,UGR,TMn13_001,-1,-1,YF,TMn13_001,-1,-1,USal,TMn13_001,-1,-1;TMn13_009 "TMn13_009" true true false 19 Double 15 18 ,First,#,Wen,TMn13_009,-1,-1,Ent,TMn13_009,-1,-1,Aso,TMn13_009,-1,-1,LCW,TMn13_009,-1,-1,JD,TMn13_009,-1,-1,Lem,TMn13_009,-1,-1,Loch,TMn13_009,-1,-1,Lolo,TMn13_009,-1,-1,Met,TMn13_009,-1,-1,Min,TMn13_009,-1,-1,Panth,TMn13_009,-1,-1,Pahs,TMn13_009,-1,-1,SFSal,TMn13_009,-1,-1,Tuc,TMn13_009,-1,-1,UGR,TMn13_009,-1,-1,YF,TMn13_009,-1,-1,USal,TMn13_009,-1,-1;TMn13_017 "TMn13_017" true true false 19 Double 15 18 ,First,#,Wen,TMn13_017,-1,-1,Ent,TMn13_017,-1,-1,Aso,TMn13_017,-1,-1,LCW,TMn13_017,-1,-1,JD,TMn13_017,-1,-1,Lem,TMn13_017,-1,-1,Loch,TMn13_017,-1,-1,Lolo,TMn13_017,-1,-1,Met,TMn13_017,-1,-1,Min,TMn13_017,-1,-1,Panth,TMn13_017,-1,-1,Pahs,TMn13_017,-1,-1,SFSal,TMn13_017,-1,-1,Tuc,TMn13_017,-1,-1,UGR,TMn13_017,-1,-1,YF,TMn13_017,-1,-1,USal,TMn13_017,-1,-1;TMn13_025 "TMn13_025" true true false 19 Double 15 18 ,First,#,Wen,TMn13_025,-1,-1,Ent,TMn13_025,-1,-1,Aso,TMn13_025,-1,-1,LCW,TMn13_025,-1,-1,JD,TMn13_025,-1,-1,Lem,TMn13_025,-1,-1,Loch,TMn13_025,-1,-1,Lolo,TMn13_025,-1,-1,Met,TMn13_025,-1,-1,Min,TMn13_025,-1,-1,Panth,TMn13_025,-1,-1,Pahs,TMn13_025,-1,-1,SFSal,TMn13_025,-1,-1,Tuc,TMn13_025,-1,-1,UGR,TMn13_025,-1,-1,YF,TMn13_025,-1,-1,USal,TMn13_025,-1,-1;TMn13_033 "TMn13_033" true true false 19 Double 15 18 ,First,#,Wen,TMn13_033,-1,-1,Ent,TMn13_033,-1,-1,Aso,TMn13_033,-1,-1,LCW,TMn13_033,-1,-1,JD,TMn13_033,-1,-1,Lem,TMn13_033,-1,-1,Loch,TMn13_033,-1,-1,Lolo,TMn13_033,-1,-1,Met,TMn13_033,-1,-1,Min,TMn13_033,-1,-1,Panth,TMn13_033,-1,-1,Pahs,TMn13_033,-1,-1,SFSal,TMn13_033,-1,-1,Tuc,TMn13_033,-1,-1,UGR,TMn13_033,-1,-1,YF,TMn13_033,-1,-1,USal,TMn13_033,-1,-1;TMn13_041 "TMn13_041" true true false 19 Double 15 18 ,First,#,Wen,TMn13_041,-1,-1,Ent,TMn13_041,-1,-1,Aso,TMn13_041,-1,-1,LCW,TMn13_041,-1,-1,JD,TMn13_041,-1,-1,Lem,TMn13_041,-1,-1,Loch,TMn13_041,-1,-1,Lolo,TMn13_041,-1,-1,Met,TMn13_041,-1,-1,Min,TMn13_041,-1,-1,Panth,TMn13_041,-1,-1,Pahs,TMn13_041,-1,-1,SFSal,TMn13_041,-1,-1,Tuc,TMn13_041,-1,-1,UGR,TMn13_041,-1,-1,YF,TMn13_041,-1,-1,USal,TMn13_041,-1,-1;TMn13_049 "TMn13_049" true true false 19 Double 15 18 ,First,#,Wen,TMn13_049,-1,-1,Ent,TMn13_049,-1,-1,Aso,TMn13_049,-1,-1,LCW,TMn13_049,-1,-1,JD,TMn13_049,-1,-1,Lem,TMn13_049,-1,-1,Loch,TMn13_049,-1,-1,Lolo,TMn13_049,-1,-1,Met,TMn13_049,-1,-1,Min,TMn13_049,-1,-1,Panth,TMn13_049,-1,-1,Pahs,TMn13_049,-1,-1,SFSal,TMn13_049,-1,-1,Tuc,TMn13_049,-1,-1,UGR,TMn13_049,-1,-1,YF,TMn13_049,-1,-1,USal,TMn13_049,-1,-1;TMn13_057 "TMn13_057" true true false 19 Double 15 18 ,First,#,Wen,TMn13_057,-1,-1,Ent,TMn13_057,-1,-1,Aso,TMn13_057,-1,-1,LCW,TMn13_057,-1,-1,JD,TMn13_057,-1,-1,Lem,TMn13_057,-1,-1,Loch,TMn13_057,-1,-1,Lolo,TMn13_057,-1,-1,Met,TMn13_057,-1,-1,Min,TMn13_057,-1,-1,Panth,TMn13_057,-1,-1,Pahs,TMn13_057,-1,-1,SFSal,TMn13_057,-1,-1,Tuc,TMn13_057,-1,-1,UGR,TMn13_057,-1,-1,YF,TMn13_057,-1,-1,USal,TMn13_057,-1,-1;TMn13_065 "TMn13_065" true true false 19 Double 15 18 ,First,#,Wen,TMn13_065,-1,-1,Ent,TMn13_065,-1,-1,Aso,TMn13_065,-1,-1,LCW,TMn13_065,-1,-1,JD,TMn13_065,-1,-1,Lem,TMn13_065,-1,-1,Loch,TMn13_065,-1,-1,Lolo,TMn13_065,-1,-1,Met,TMn13_065,-1,-1,Min,TMn13_065,-1,-1,Panth,TMn13_065,-1,-1,Pahs,TMn13_065,-1,-1,SFSal,TMn13_065,-1,-1,Tuc,TMn13_065,-1,-1,UGR,TMn13_065,-1,-1,YF,TMn13_065,-1,-1,USal,TMn13_065,-1,-1;TMn13_073 "TMn13_073" true true false 19 Double 15 18 ,First,#,Wen,TMn13_073,-1,-1,Ent,TMn13_073,-1,-1,Aso,TMn13_073,-1,-1,LCW,TMn13_073,-1,-1,JD,TMn13_073,-1,-1,Lem,TMn13_073,-1,-1,Loch,TMn13_073,-1,-1,Lolo,TMn13_073,-1,-1,Met,TMn13_073,-1,-1,Min,TMn13_073,-1,-1,Panth,TMn13_073,-1,-1,Pahs,TMn13_073,-1,-1,SFSal,TMn13_073,-1,-1,Tuc,TMn13_073,-1,-1,UGR,TMn13_073,-1,-1,YF,TMn13_073,-1,-1,USal,TMn13_073,-1,-1;TMn13_081 "TMn13_081" true true false 19 Double 15 18 ,First,#,Wen,TMn13_081,-1,-1,Ent,TMn13_081,-1,-1,Aso,TMn13_081,-1,-1,LCW,TMn13_081,-1,-1,JD,TMn13_081,-1,-1,Lem,TMn13_081,-1,-1,Loch,TMn13_081,-1,-1,Lolo,TMn13_081,-1,-1,Met,TMn13_081,-1,-1,Min,TMn13_081,-1,-1,Panth,TMn13_081,-1,-1,Pahs,TMn13_081,-1,-1,SFSal,TMn13_081,-1,-1,Tuc,TMn13_081,-1,-1,UGR,TMn13_081,-1,-1,YF,TMn13_081,-1,-1,USal,TMn13_081,-1,-1;TMn13_089 "TMn13_089" true true false 19 Double 15 18 ,First,#,Wen,TMn13_089,-1,-1,Ent,TMn13_089,-1,-1,Aso,TMn13_089,-1,-1,LCW,TMn13_089,-1,-1,JD,TMn13_089,-1,-1,Lem,TMn13_089,-1,-1,Loch,TMn13_089,-1,-1,Lolo,TMn13_089,-1,-1,Met,TMn13_089,-1,-1,Min,TMn13_089,-1,-1,Panth,TMn13_089,-1,-1,Pahs,TMn13_089,-1,-1,SFSal,TMn13_089,-1,-1,Tuc,TMn13_089,-1,-1,UGR,TMn13_089,-1,-1,YF,TMn13_089,-1,-1,USal,TMn13_089,-1,-1;TMn13_097 "TMn13_097" true true false 19 Double 15 18 ,First,#,Wen,TMn13_097,-1,-1,Ent,TMn13_097,-1,-1,Aso,TMn13_097,-1,-1,LCW,TMn13_097,-1,-1,JD,TMn13_097,-1,-1,Lem,TMn13_097,-1,-1,Loch,TMn13_097,-1,-1,Lolo,TMn13_097,-1,-1,Met,TMn13_097,-1,-1,Min,TMn13_097,-1,-1,Panth,TMn13_097,-1,-1,Pahs,TMn13_097,-1,-1,SFSal,TMn13_097,-1,-1,Tuc,TMn13_097,-1,-1,UGR,TMn13_097,-1,-1,YF,TMn13_097,-1,-1,USal,TMn13_097,-1,-1;TMn13_105 "TMn13_105" true true false 19 Double 15 18 ,First,#,Wen,TMn13_105,-1,-1,Ent,TMn13_105,-1,-1,Aso,TMn13_105,-1,-1,LCW,TMn13_105,-1,-1,JD,TMn13_105,-1,-1,Lem,TMn13_105,-1,-1,Loch,TMn13_105,-1,-1,Lolo,TMn13_105,-1,-1,Met,TMn13_105,-1,-1,Min,TMn13_105,-1,-1,Panth,TMn13_105,-1,-1,Pahs,TMn13_105,-1,-1,SFSal,TMn13_105,-1,-1,Tuc,TMn13_105,-1,-1,UGR,TMn13_105,-1,-1,YF,TMn13_105,-1,-1,USal,TMn13_105,-1,-1;TMn13_113 "TMn13_113" true true false 19 Double 15 18 ,First,#,Wen,TMn13_113,-1,-1,Ent,TMn13_113,-1,-1,Aso,TMn13_113,-1,-1,LCW,TMn13_113,-1,-1,JD,TMn13_113,-1,-1,Lem,TMn13_113,-1,-1,Loch,TMn13_113,-1,-1,Lolo,TMn13_113,-1,-1,Met,TMn13_113,-1,-1,Min,TMn13_113,-1,-1,Panth,TMn13_113,-1,-1,Pahs,TMn13_113,-1,-1,SFSal,TMn13_113,-1,-1,Tuc,TMn13_113,-1,-1,UGR,TMn13_113,-1,-1,YF,TMn13_113,-1,-1,USal,TMn13_113,-1,-1;TMn13_121 "TMn13_121" true true false 19 Double 14 18 ,First,#,Wen,TMn13_121,-1,-1,Ent,TMn13_121,-1,-1,Aso,TMn13_121,-1,-1,LCW,TMn13_121,-1,-1,JD,TMn13_121,-1,-1,Lem,TMn13_121,-1,-1,Loch,TMn13_121,-1,-1,Lolo,TMn13_121,-1,-1,Met,TMn13_121,-1,-1,Min,TMn13_121,-1,-1,Panth,TMn13_121,-1,-1,Pahs,TMn13_121,-1,-1,SFSal,TMn13_121,-1,-1,Tuc,TMn13_121,-1,-1,UGR,TMn13_121,-1,-1,YF,TMn13_121,-1,-1,USal,TMn13_121,-1,-1;TMn13_129 "TMn13_129" true true false 19 Double 14 18 ,First,#,Wen,TMn13_129,-1,-1,Ent,TMn13_129,-1,-1,Aso,TMn13_129,-1,-1,LCW,TMn13_129,-1,-1,JD,TMn13_129,-1,-1,Lem,TMn13_129,-1,-1,Loch,TMn13_129,-1,-1,Lolo,TMn13_129,-1,-1,Met,TMn13_129,-1,-1,Min,TMn13_129,-1,-1,Panth,TMn13_129,-1,-1,Pahs,TMn13_129,-1,-1,SFSal,TMn13_129,-1,-1,Tuc,TMn13_129,-1,-1,UGR,TMn13_129,-1,-1,YF,TMn13_129,-1,-1,USal,TMn13_129,-1,-1;TMn13_137 "TMn13_137" true true false 19 Double 14 18 ,First,#,Wen,TMn13_137,-1,-1,Ent,TMn13_137,-1,-1,Aso,TMn13_137,-1,-1,LCW,TMn13_137,-1,-1,JD,TMn13_137,-1,-1,Lem,TMn13_137,-1,-1,Loch,TMn13_137,-1,-1,Lolo,TMn13_137,-1,-1,Met,TMn13_137,-1,-1,Min,TMn13_137,-1,-1,Panth,TMn13_137,-1,-1,Pahs,TMn13_137,-1,-1,SFSal,TMn13_137,-1,-1,Tuc,TMn13_137,-1,-1,UGR,TMn13_137,-1,-1,YF,TMn13_137,-1,-1,USal,TMn13_137,-1,-1;TMn13_145 "TMn13_145" true true false 19 Double 15 18 ,First,#,Wen,TMn13_145,-1,-1,Ent,TMn13_145,-1,-1,Aso,TMn13_145,-1,-1,LCW,TMn13_145,-1,-1,JD,TMn13_145,-1,-1,Lem,TMn13_145,-1,-1,Loch,TMn13_145,-1,-1,Lolo,TMn13_145,-1,-1,Met,TMn13_145,-1,-1,Min,TMn13_145,-1,-1,Panth,TMn13_145,-1,-1,Pahs,TMn13_145,-1,-1,SFSal,TMn13_145,-1,-1,Tuc,TMn13_145,-1,-1,UGR,TMn13_145,-1,-1,YF,TMn13_145,-1,-1,USal,TMn13_145,-1,-1;TMn13_153 "TMn13_153" true true false 19 Double 14 18 ,First,#,Wen,TMn13_153,-1,-1,Ent,TMn13_153,-1,-1,Aso,TMn13_153,-1,-1,LCW,TMn13_153,-1,-1,JD,TMn13_153,-1,-1,Lem,TMn13_153,-1,-1,Loch,TMn13_153,-1,-1,Lolo,TMn13_153,-1,-1,Met,TMn13_153,-1,-1,Min,TMn13_153,-1,-1,Panth,TMn13_153,-1,-1,Pahs,TMn13_153,-1,-1,SFSal,TMn13_153,-1,-1,Tuc,TMn13_153,-1,-1,UGR,TMn13_153,-1,-1,YF,TMn13_153,-1,-1,USal,TMn13_153,-1,-1;TMn13_161 "TMn13_161" true true false 19 Double 14 18 ,First,#,Wen,TMn13_161,-1,-1,Ent,TMn13_161,-1,-1,Aso,TMn13_161,-1,-1,LCW,TMn13_161,-1,-1,JD,TMn13_161,-1,-1,Lem,TMn13_161,-1,-1,Loch,TMn13_161,-1,-1,Lolo,TMn13_161,-1,-1,Met,TMn13_161,-1,-1,Min,TMn13_161,-1,-1,Panth,TMn13_161,-1,-1,Pahs,TMn13_161,-1,-1,SFSal,TMn13_161,-1,-1,Tuc,TMn13_161,-1,-1,UGR,TMn13_161,-1,-1,YF,TMn13_161,-1,-1,USal,TMn13_161,-1,-1;TMn13_169 "TMn13_169" true true false 19 Double 14 18 ,First,#,Wen,TMn13_169,-1,-1,Ent,TMn13_169,-1,-1,Aso,TMn13_169,-1,-1,LCW,TMn13_169,-1,-1,JD,TMn13_169,-1,-1,Lem,TMn13_169,-1,-1,Loch,TMn13_169,-1,-1,Lolo,TMn13_169,-1,-1,Met,TMn13_169,-1,-1,Min,TMn13_169,-1,-1,Panth,TMn13_169,-1,-1,Pahs,TMn13_169,-1,-1,SFSal,TMn13_169,-1,-1,Tuc,TMn13_169,-1,-1,UGR,TMn13_169,-1,-1,YF,TMn13_169,-1,-1,USal,TMn13_169,-1,-1;TMn13_177 "TMn13_177" true true false 19 Double 14 18 ,First,#,Wen,TMn13_177,-1,-1,Ent,TMn13_177,-1,-1,Aso,TMn13_177,-1,-1,LCW,TMn13_177,-1,-1,JD,TMn13_177,-1,-1,Lem,TMn13_177,-1,-1,Loch,TMn13_177,-1,-1,Lolo,TMn13_177,-1,-1,Met,TMn13_177,-1,-1,Min,TMn13_177,-1,-1,Panth,TMn13_177,-1,-1,Pahs,TMn13_177,-1,-1,SFSal,TMn13_177,-1,-1,Tuc,TMn13_177,-1,-1,UGR,TMn13_177,-1,-1,YF,TMn13_177,-1,-1,USal,TMn13_177,-1,-1;TMn13_185 "TMn13_185" true true false 19 Double 14 18 ,First,#,Wen,TMn13_185,-1,-1,Ent,TMn13_185,-1,-1,Aso,TMn13_185,-1,-1,LCW,TMn13_185,-1,-1,JD,TMn13_185,-1,-1,Lem,TMn13_185,-1,-1,Loch,TMn13_185,-1,-1,Lolo,TMn13_185,-1,-1,Met,TMn13_185,-1,-1,Min,TMn13_185,-1,-1,Panth,TMn13_185,-1,-1,Pahs,TMn13_185,-1,-1,SFSal,TMn13_185,-1,-1,Tuc,TMn13_185,-1,-1,UGR,TMn13_185,-1,-1,YF,TMn13_185,-1,-1,USal,TMn13_185,-1,-1;TMn13_193 "TMn13_193" true true false 19 Double 14 18 ,First,#,Wen,TMn13_193,-1,-1,Ent,TMn13_193,-1,-1,Aso,TMn13_193,-1,-1,LCW,TMn13_193,-1,-1,JD,TMn13_193,-1,-1,Lem,TMn13_193,-1,-1,Loch,TMn13_193,-1,-1,Lolo,TMn13_193,-1,-1,Met,TMn13_193,-1,-1,Min,TMn13_193,-1,-1,Panth,TMn13_193,-1,-1,Pahs,TMn13_193,-1,-1,SFSal,TMn13_193,-1,-1,Tuc,TMn13_193,-1,-1,UGR,TMn13_193,-1,-1,YF,TMn13_193,-1,-1,USal,TMn13_193,-1,-1;TMn13_201 "TMn13_201" true true false 19 Double 14 18 ,First,#,Wen,TMn13_201,-1,-1,Ent,TMn13_201,-1,-1,Aso,TMn13_201,-1,-1,LCW,TMn13_201,-1,-1,JD,TMn13_201,-1,-1,Lem,TMn13_201,-1,-1,Loch,TMn13_201,-1,-1,Lolo,TMn13_201,-1,-1,Met,TMn13_201,-1,-1,Min,TMn13_201,-1,-1,Panth,TMn13_201,-1,-1,Pahs,TMn13_201,-1,-1,SFSal,TMn13_201,-1,-1,Tuc,TMn13_201,-1,-1,UGR,TMn13_201,-1,-1,YF,TMn13_201,-1,-1,USal,TMn13_201,-1,-1;TMn13_209 "TMn13_209" true true false 19 Double 14 18 ,First,#,Wen,TMn13_209,-1,-1,Ent,TMn13_209,-1,-1,Aso,TMn13_209,-1,-1,LCW,TMn13_209,-1,-1,JD,TMn13_209,-1,-1,Lem,TMn13_209,-1,-1,Loch,TMn13_209,-1,-1,Lolo,TMn13_209,-1,-1,Met,TMn13_209,-1,-1,Min,TMn13_209,-1,-1,Panth,TMn13_209,-1,-1,Pahs,TMn13_209,-1,-1,SFSal,TMn13_209,-1,-1,Tuc,TMn13_209,-1,-1,UGR,TMn13_209,-1,-1,YF,TMn13_209,-1,-1,USal,TMn13_209,-1,-1;TMn13_217 "TMn13_217" true true false 19 Double 14 18 ,First,#,Wen,TMn13_217,-1,-1,Ent,TMn13_217,-1,-1,Aso,TMn13_217,-1,-1,LCW,TMn13_217,-1,-1,JD,TMn13_217,-1,-1,Lem,TMn13_217,-1,-1,Loch,TMn13_217,-1,-1,Lolo,TMn13_217,-1,-1,Met,TMn13_217,-1,-1,Min,TMn13_217,-1,-1,Panth,TMn13_217,-1,-1,Pahs,TMn13_217,-1,-1,SFSal,TMn13_217,-1,-1,Tuc,TMn13_217,-1,-1,UGR,TMn13_217,-1,-1,YF,TMn13_217,-1,-1,USal,TMn13_217,-1,-1;TMn13_225 "TMn13_225" true true false 19 Double 14 18 ,First,#,Wen,TMn13_225,-1,-1,Ent,TMn13_225,-1,-1,Aso,TMn13_225,-1,-1,LCW,TMn13_225,-1,-1,JD,TMn13_225,-1,-1,Lem,TMn13_225,-1,-1,Loch,TMn13_225,-1,-1,Lolo,TMn13_225,-1,-1,Met,TMn13_225,-1,-1,Min,TMn13_225,-1,-1,Panth,TMn13_225,-1,-1,Pahs,TMn13_225,-1,-1,SFSal,TMn13_225,-1,-1,Tuc,TMn13_225,-1,-1,UGR,TMn13_225,-1,-1,YF,TMn13_225,-1,-1,USal,TMn13_225,-1,-1;TMn13_233 "TMn13_233" true true false 19 Double 14 18 ,First,#,Wen,TMn13_233,-1,-1,Ent,TMn13_233,-1,-1,Aso,TMn13_233,-1,-1,LCW,TMn13_233,-1,-1,JD,TMn13_233,-1,-1,Lem,TMn13_233,-1,-1,Loch,TMn13_233,-1,-1,Lolo,TMn13_233,-1,-1,Met,TMn13_233,-1,-1,Min,TMn13_233,-1,-1,Panth,TMn13_233,-1,-1,Pahs,TMn13_233,-1,-1,SFSal,TMn13_233,-1,-1,Tuc,TMn13_233,-1,-1,UGR,TMn13_233,-1,-1,YF,TMn13_233,-1,-1,USal,TMn13_233,-1,-1;TMn13_241 "TMn13_241" true true false 19 Double 14 18 ,First,#,Wen,TMn13_241,-1,-1,Ent,TMn13_241,-1,-1,Aso,TMn13_241,-1,-1,LCW,TMn13_241,-1,-1,JD,TMn13_241,-1,-1,Lem,TMn13_241,-1,-1,Loch,TMn13_241,-1,-1,Lolo,TMn13_241,-1,-1,Met,TMn13_241,-1,-1,Min,TMn13_241,-1,-1,Panth,TMn13_241,-1,-1,Pahs,TMn13_241,-1,-1,SFSal,TMn13_241,-1,-1,Tuc,TMn13_241,-1,-1,UGR,TMn13_241,-1,-1,YF,TMn13_241,-1,-1,USal,TMn13_241,-1,-1;TMn13_249 "TMn13_249" true true false 19 Double 14 18 ,First,#,Wen,TMn13_249,-1,-1,Ent,TMn13_249,-1,-1,Aso,TMn13_249,-1,-1,LCW,TMn13_249,-1,-1,JD,TMn13_249,-1,-1,Lem,TMn13_249,-1,-1,Loch,TMn13_249,-1,-1,Lolo,TMn13_249,-1,-1,Met,TMn13_249,-1,-1,Min,TMn13_249,-1,-1,Panth,TMn13_249,-1,-1,Pahs,TMn13_249,-1,-1,SFSal,TMn13_249,-1,-1,Tuc,TMn13_249,-1,-1,UGR,TMn13_249,-1,-1,YF,TMn13_249,-1,-1,USal,TMn13_249,-1,-1;TMn13_257 "TMn13_257" true true false 19 Double 14 18 ,First,#,Wen,TMn13_257,-1,-1,Ent,TMn13_257,-1,-1,Aso,TMn13_257,-1,-1,LCW,TMn13_257,-1,-1,JD,TMn13_257,-1,-1,Lem,TMn13_257,-1,-1,Loch,TMn13_257,-1,-1,Lolo,TMn13_257,-1,-1,Met,TMn13_257,-1,-1,Min,TMn13_257,-1,-1,Panth,TMn13_257,-1,-1,Pahs,TMn13_257,-1,-1,SFSal,TMn13_257,-1,-1,Tuc,TMn13_257,-1,-1,UGR,TMn13_257,-1,-1,YF,TMn13_257,-1,-1,USal,TMn13_257,-1,-1;TMn13_265 "TMn13_265" true true false 19 Double 14 18 ,First,#,Wen,TMn13_265,-1,-1,Ent,TMn13_265,-1,-1,Aso,TMn13_265,-1,-1,LCW,TMn13_265,-1,-1,JD,TMn13_265,-1,-1,Lem,TMn13_265,-1,-1,Loch,TMn13_265,-1,-1,Lolo,TMn13_265,-1,-1,Met,TMn13_265,-1,-1,Min,TMn13_265,-1,-1,Panth,TMn13_265,-1,-1,Pahs,TMn13_265,-1,-1,SFSal,TMn13_265,-1,-1,Tuc,TMn13_265,-1,-1,UGR,TMn13_265,-1,-1,YF,TMn13_265,-1,-1,USal,TMn13_265,-1,-1;TMn13_273 "TMn13_273" true true false 19 Double 15 18 ,First,#,Wen,TMn13_273,-1,-1,Ent,TMn13_273,-1,-1,Aso,TMn13_273,-1,-1,LCW,TMn13_273,-1,-1,JD,TMn13_273,-1,-1,Lem,TMn13_273,-1,-1,Loch,TMn13_273,-1,-1,Lolo,TMn13_273,-1,-1,Met,TMn13_273,-1,-1,Min,TMn13_273,-1,-1,Panth,TMn13_273,-1,-1,Pahs,TMn13_273,-1,-1,SFSal,TMn13_273,-1,-1,Tuc,TMn13_273,-1,-1,UGR,TMn13_273,-1,-1,YF,TMn13_273,-1,-1,USal,TMn13_273,-1,-1;TMn13_281 "TMn13_281" true true false 19 Double 15 18 ,First,#,Wen,TMn13_281,-1,-1,Ent,TMn13_281,-1,-1,Aso,TMn13_281,-1,-1,LCW,TMn13_281,-1,-1,JD,TMn13_281,-1,-1,Lem,TMn13_281,-1,-1,Loch,TMn13_281,-1,-1,Lolo,TMn13_281,-1,-1,Met,TMn13_281,-1,-1,Min,TMn13_281,-1,-1,Panth,TMn13_281,-1,-1,Pahs,TMn13_281,-1,-1,SFSal,TMn13_281,-1,-1,Tuc,TMn13_281,-1,-1,UGR,TMn13_281,-1,-1,YF,TMn13_281,-1,-1,USal,TMn13_281,-1,-1;TMn13_289 "TMn13_289" true true false 19 Double 15 18 ,First,#,Wen,TMn13_289,-1,-1,Ent,TMn13_289,-1,-1,Aso,TMn13_289,-1,-1,LCW,TMn13_289,-1,-1,JD,TMn13_289,-1,-1,Lem,TMn13_289,-1,-1,Loch,TMn13_289,-1,-1,Lolo,TMn13_289,-1,-1,Met,TMn13_289,-1,-1,Min,TMn13_289,-1,-1,Panth,TMn13_289,-1,-1,Pahs,TMn13_289,-1,-1,SFSal,TMn13_289,-1,-1,Tuc,TMn13_289,-1,-1,UGR,TMn13_289,-1,-1,YF,TMn13_289,-1,-1,USal,TMn13_289,-1,-1;TMn13_297 "TMn13_297" true true false 19 Double 15 18 ,First,#,Wen,TMn13_297,-1,-1,Ent,TMn13_297,-1,-1,Aso,TMn13_297,-1,-1,LCW,TMn13_297,-1,-1,JD,TMn13_297,-1,-1,Lem,TMn13_297,-1,-1,Loch,TMn13_297,-1,-1,Lolo,TMn13_297,-1,-1,Met,TMn13_297,-1,-1,Min,TMn13_297,-1,-1,Panth,TMn13_297,-1,-1,Pahs,TMn13_297,-1,-1,SFSal,TMn13_297,-1,-1,Tuc,TMn13_297,-1,-1,UGR,TMn13_297,-1,-1,YF,TMn13_297,-1,-1,USal,TMn13_297,-1,-1;TMn13_305 "TMn13_305" true true false 19 Double 15 18 ,First,#,Wen,TMn13_305,-1,-1,Ent,TMn13_305,-1,-1,Aso,TMn13_305,-1,-1,LCW,TMn13_305,-1,-1,JD,TMn13_305,-1,-1,Lem,TMn13_305,-1,-1,Loch,TMn13_305,-1,-1,Lolo,TMn13_305,-1,-1,Met,TMn13_305,-1,-1,Min,TMn13_305,-1,-1,Panth,TMn13_305,-1,-1,Pahs,TMn13_305,-1,-1,SFSal,TMn13_305,-1,-1,Tuc,TMn13_305,-1,-1,UGR,TMn13_305,-1,-1,YF,TMn13_305,-1,-1,USal,TMn13_305,-1,-1;TMn13_313 "TMn13_313" true true false 19 Double 15 18 ,First,#,Wen,TMn13_313,-1,-1,Ent,TMn13_313,-1,-1,Aso,TMn13_313,-1,-1,LCW,TMn13_313,-1,-1,JD,TMn13_313,-1,-1,Lem,TMn13_313,-1,-1,Loch,TMn13_313,-1,-1,Lolo,TMn13_313,-1,-1,Met,TMn13_313,-1,-1,Min,TMn13_313,-1,-1,Panth,TMn13_313,-1,-1,Pahs,TMn13_313,-1,-1,SFSal,TMn13_313,-1,-1,Tuc,TMn13_313,-1,-1,UGR,TMn13_313,-1,-1,YF,TMn13_313,-1,-1,USal,TMn13_313,-1,-1;TMn13_321 "TMn13_321" true true false 19 Double 15 18 ,First,#,Wen,TMn13_321,-1,-1,Ent,TMn13_321,-1,-1,Aso,TMn13_321,-1,-1,LCW,TMn13_321,-1,-1,JD,TMn13_321,-1,-1,Lem,TMn13_321,-1,-1,Loch,TMn13_321,-1,-1,Lolo,TMn13_321,-1,-1,Met,TMn13_321,-1,-1,Min,TMn13_321,-1,-1,Panth,TMn13_321,-1,-1,Pahs,TMn13_321,-1,-1,SFSal,TMn13_321,-1,-1,Tuc,TMn13_321,-1,-1,UGR,TMn13_321,-1,-1,YF,TMn13_321,-1,-1,USal,TMn13_321,-1,-1;TMn13_329 "TMn13_329" true true false 19 Double 15 18 ,First,#,Wen,TMn13_329,-1,-1,Ent,TMn13_329,-1,-1,Aso,TMn13_329,-1,-1,LCW,TMn13_329,-1,-1,JD,TMn13_329,-1,-1,Lem,TMn13_329,-1,-1,Loch,TMn13_329,-1,-1,Lolo,TMn13_329,-1,-1,Met,TMn13_329,-1,-1,Min,TMn13_329,-1,-1,Panth,TMn13_329,-1,-1,Pahs,TMn13_329,-1,-1,SFSal,TMn13_329,-1,-1,Tuc,TMn13_329,-1,-1,UGR,TMn13_329,-1,-1,YF,TMn13_329,-1,-1,USal,TMn13_329,-1,-1;TMn13_337 "TMn13_337" true true false 19 Double 15 18 ,First,#,Wen,TMn13_337,-1,-1,Ent,TMn13_337,-1,-1,Aso,TMn13_337,-1,-1,LCW,TMn13_337,-1,-1,JD,TMn13_337,-1,-1,Lem,TMn13_337,-1,-1,Loch,TMn13_337,-1,-1,Lolo,TMn13_337,-1,-1,Met,TMn13_337,-1,-1,Min,TMn13_337,-1,-1,Panth,TMn13_337,-1,-1,Pahs,TMn13_337,-1,-1,SFSal,TMn13_337,-1,-1,Tuc,TMn13_337,-1,-1,UGR,TMn13_337,-1,-1,YF,TMn13_337,-1,-1,USal,TMn13_337,-1,-1;TMn13_345 "TMn13_345" true true false 19 Double 15 18 ,First,#,Wen,TMn13_345,-1,-1,Ent,TMn13_345,-1,-1,Aso,TMn13_345,-1,-1,LCW,TMn13_345,-1,-1,JD,TMn13_345,-1,-1,Lem,TMn13_345,-1,-1,Loch,TMn13_345,-1,-1,Lolo,TMn13_345,-1,-1,Met,TMn13_345,-1,-1,Min,TMn13_345,-1,-1,Panth,TMn13_345,-1,-1,Pahs,TMn13_345,-1,-1,SFSal,TMn13_345,-1,-1,Tuc,TMn13_345,-1,-1,UGR,TMn13_345,-1,-1,YF,TMn13_345,-1,-1,USal,TMn13_345,-1,-1;TMn13_353 "TMn13_353" true true false 19 Double 15 18 ,First,#,Wen,TMn13_353,-1,-1,Ent,TMn13_353,-1,-1,Aso,TMn13_353,-1,-1,LCW,TMn13_353,-1,-1,JD,TMn13_353,-1,-1,Lem,TMn13_353,-1,-1,Loch,TMn13_353,-1,-1,Lolo,TMn13_353,-1,-1,Met,TMn13_353,-1,-1,Min,TMn13_353,-1,-1,Panth,TMn13_353,-1,-1,Pahs,TMn13_353,-1,-1,SFSal,TMn13_353,-1,-1,Tuc,TMn13_353,-1,-1,UGR,TMn13_353,-1,-1,YF,TMn13_353,-1,-1,USal,TMn13_353,-1,-1;TMn13_361 "TMn13_361" true true false 19 Double 15 18 ,First,#,Wen,TMn13_361,-1,-1,Ent,TMn13_361,-1,-1,Aso,TMn13_361,-1,-1,LCW,TMn13_361,-1,-1,JD,TMn13_361,-1,-1,Lem,TMn13_361,-1,-1,Loch,TMn13_361,-1,-1,Lolo,TMn13_361,-1,-1,Met,TMn13_361,-1,-1,Min,TMn13_361,-1,-1,Panth,TMn13_361,-1,-1,Pahs,TMn13_361,-1,-1,SFSal,TMn13_361,-1,-1,Tuc,TMn13_361,-1,-1,UGR,TMn13_361,-1,-1,YF,TMn13_361,-1,-1,USal,TMn13_361,-1,-1;RCAID "RCAID" true true false 19 Double 12 18 ,First,#,Wen,RCAID,-1,-1,Ent,RCAID,-1,-1,Aso,RCAID,-1,-1,LCW,RCAID,-1,-1,JD,RCAID,-1,-1,Met,RCAID,-1,-1,YF,RCAID,-1,-1,USal,RCAID,-1,-1,Lem,RCAID_1,-1,-1,Loch,RCAID_1,-1,-1,Lolo,RCAID_1,-1,-1,Min,RCAID_1,-1,-1,Panth,RCAID_1,-1,-1,Pahs,RCAID_1,-1,-1,SFSal,RCAID_1,-1,-1,Tuc,RCAID_1,-1,-1,UGR,RCAID_1,-1,-1"</Process></lineage></DataProperties><SyncDate>20171122</SyncDate><SyncTime>11580400</SyncTime><ModDate>20171122</ModDate><ModTime>11580400</ModTime></Esri><dataIdInfo><envirDesc Sync="TRUE"> Version 6.2 (Build 9200) ; Esri ArcGIS 10.2.2.3552</envirDesc><dataLang><languageCode value="eng" Sync="TRUE"></languageCode><countryCode value="USA" Sync="TRUE"></countryCode></dataLang><idCitation><resTitle Sync="TRUE">All_basins_2013_8D_Mn</resTitle><presForm><PresFormCd value="005" Sync="TRUE"></PresFormCd></presForm></idCitation><spatRpType><SpatRepTypCd value="001" Sync="TRUE"></SpatRepTypCd></spatRpType></dataIdInfo><mdLang><languageCode value="eng" Sync="TRUE"></languageCode><countryCode value="USA" Sync="TRUE"></countryCode></mdLang><mdChar><CharSetCd value="004" Sync="TRUE"></CharSetCd></mdChar><distInfo><distFormat><formatName Sync="TRUE">Shapefile</formatName></distFormat><distTranOps><transSize Sync="TRUE">0.000</transSize></distTranOps></distInfo><mdHrLv><ScopeCd value="005" Sync="TRUE"></ScopeCd></mdHrLv><mdHrLvName Sync="TRUE">dataset</mdHrLvName><refSysInfo><RefSystem><refSysID><identCode code="0" Sync="TRUE"></identCode></refSysID></RefSystem></refSysInfo><spatRepInfo><VectSpatRep><geometObjs Name="All_basins_2013_8D_Mn"><geoObjTyp><GeoObjTypCd value="002" Sync="TRUE"></GeoObjTypCd></geoObjTyp><geoObjCnt Sync="TRUE">0</geoObjCnt></geometObjs><topLvl><TopoLevCd value="001" Sync="TRUE"></TopoLevCd></topLvl></VectSpatRep></spatRepInfo><spdoinfo><ptvctinf><esriterm Name="All_basins_2013_8D_Mn"><efeatyp Sync="TRUE">Simple</efeatyp><efeageom code="4" Sync="TRUE"></efeageom><esritopo Sync="TRUE">FALSE</esritopo><efeacnt Sync="TRUE">0</efeacnt><spindex Sync="TRUE">FALSE</spindex><linrefer Sync="TRUE">TRUE</linrefer></esriterm></ptvctinf></spdoinfo><eainfo><detailed Name="All_basins_2013_8D_Mn"><enttyp><enttypl Sync="TRUE">All_basins_2013_8D_Mn</enttypl><enttypt Sync="TRUE">Feature Class</enttypt><enttypc Sync="TRUE">0</enttypc></enttyp><attr><attrlabl Sync="TRUE">FID</attrlabl><attalias Sync="TRUE">FID</attalias><attrtype Sync="TRUE">OID</attrtype><attwidth Sync="TRUE">4</attwidth><atprecis Sync="TRUE">0</atprecis><attscale Sync="TRUE">0</attscale><attrdef Sync="TRUE">Internal feature number.</attrdef><attrdefs Sync="TRUE">Esri</attrdefs><attrdomv><udom Sync="TRUE">Sequential unique whole numbers that are automatically generated.</udom></attrdomv></attr><attr><attrlabl Sync="TRUE">Shape</attrlabl><attalias Sync="TRUE">Shape</attalias><attrtype Sync="TRUE">Geometry</attrtype><attwidth Sync="TRUE">0</attwidth><atprecis Sync="TRUE">0</atprecis><attscale Sync="TRUE">0</attscale><attrdef Sync="TRUE">Feature geometry.</attrdef><attrdefs Sync="TRUE">Esri</attrdefs><attrdomv><udom Sync="TRUE">Coordinates defining the features.</udom></attrdomv></attr><attr><attrlabl Sync="TRUE">TMn13_001</attrlabl><attalias Sync="TRUE">TMn13_001</attalias><attrtype Sync="TRUE">Double</attrtype><attwidth Sync="TRUE">19</attwidth><atprecis Sync="TRUE">18</atprecis><attscale Sync="TRUE">15</attscale></attr><attr><attrlabl Sync="TRUE">TMn13_009</attrlabl><attalias Sync="TRUE">TMn13_009</attalias><attrtype Sync="TRUE">Double</attrtype><attwidth Sync="TRUE">19</attwidth><atprecis Sync="TRUE">18</atprecis><attscale Sync="TRUE">15</attscale></attr><attr><attrlabl Sync="TRUE">TMn13_017</attrlabl><attalias Sync="TRUE">TMn13_017</attalias><attrtype Sync="TRUE">Double</attrtype><attwidth Sync="TRUE">19</attwidth><atprecis Sync="TRUE">18</atprecis><attscale Sync="TRUE">15</attscale></attr><attr><attrlabl Sync="TRUE">TMn13_025</attrlabl><attalias Sync="TRUE">TMn13_025</attalias><attrtype Sync="TRUE">Double</attrtype><attwidth Sync="TRUE">19</attwidth><atprecis Sync="TRUE">18</atprecis><attscale Sync="TRUE">15</attscale></attr><attr><attrlabl Sync="TRUE">TMn13_033</attrlabl><attalias Sync="TRUE">TMn13_033</attalias><attrtype Sync="TRUE">Double</attrtype><attwidth Sync="TRUE">19</attwidth><atprecis Sync="TRUE">18</atprecis><attscale Sync="TRUE">15</attscale></attr><attr><attrlabl Sync="TRUE">TMn13_041</attrlabl><attalias Sync="TRUE">TMn13_041</attalias><attrtype Sync="TRUE">Double</attrtype><attwidth Sync="TRUE">19</attwidth><atprecis Sync="TRUE">18</atprecis><attscale Sync="TRUE">15</attscale></attr><attr><attrlabl Sync="TRUE">TMn13_049</attrlabl><attalias Sync="TRUE">TMn13_049</attalias><attrtype Sync="TRUE">Double</attrtype><attwidth Sync="TRUE">19</attwidth><atprecis Sync="TRUE">18</atprecis><attscale Sync="TRUE">15</attscale></attr><attr><attrlabl Sync="TRUE">TMn13_057</attrlabl><attalias Sync="TRUE">TMn13_057</attalias><attrtype Sync="TRUE">Double</attrtype><attwidth Sync="TRUE">19</attwidth><atprecis Sync="TRUE">18</atprecis><attscale Sync="TRUE">15</attscale></attr><attr><attrlabl Sync="TRUE">TMn13_065</attrlabl><attalias Sync="TRUE">TMn13_065</attalias><attrtype Sync="TRUE">Double</attrtype><attwidth Sync="TRUE">19</attwidth><atprecis Sync="TRUE">18</atprecis><attscale Sync="TRUE">15</attscale></attr><attr><attrlabl Sync="TRUE">TMn13_073</attrlabl><attalias Sync="TRUE">TMn13_073</attalias><attrtype Sync="TRUE">Double</attrtype><attwidth Sync="TRUE">19</attwidth><atprecis Sync="TRUE">18</atprecis><attscale Sync="TRUE">15</attscale></attr><attr><attrlabl Sync="TRUE">TMn13_081</attrlabl><attalias Sync="TRUE">TMn13_081</attalias><attrtype Sync="TRUE">Double</attrtype><attwidth Sync="TRUE">19</attwidth><atprecis Sync="TRUE">18</atprecis><attscale Sync="TRUE">15</attscale></attr><attr><attrlabl Sync="TRUE">TMn13_089</attrlabl><attalias Sync="TRUE">TMn13_089</attalias><attrtype Sync="TRUE">Double</attrtype><attwidth Sync="TRUE">19</attwidth><atprecis Sync="TRUE">18</atprecis><attscale Sync="TRUE">15</attscale></attr><attr><attrlabl Sync="TRUE">TMn13_097</attrlabl><attalias Sync="TRUE">TMn13_097</attalias><attrtype Sync="TRUE">Double</attrtype><attwidth Sync="TRUE">19</attwidth><atprecis Sync="TRUE">18</atprecis><attscale Sync="TRUE">15</attscale></attr><attr><attrlabl Sync="TRUE">TMn13_105</attrlabl><attalias Sync="TRUE">TMn13_105</attalias><attrtype Sync="TRUE">Double</attrtype><attwidth Sync="TRUE">19</attwidth><atprecis Sync="TRUE">18</atprecis><attscale Sync="TRUE">15</attscale></attr><attr><attrlabl Sync="TRUE">TMn13_113</attrlabl><attalias Sync="TRUE">TMn13_113</attalias><attrtype Sync="TRUE">Double</attrtype><attwidth Sync="TRUE">19</attwidth><atprecis Sync="TRUE">18</atprecis><attscale Sync="TRUE">15</attscale></attr><attr><attrlabl Sync="TRUE">TMn13_121</attrlabl><attalias Sync="TRUE">TMn13_121</attalias><attrtype Sync="TRUE">Double</attrtype><attwidth Sync="TRUE">19</attwidth><atprecis Sync="TRUE">18</atprecis><attscale Sync="TRUE">14</attscale></attr><attr><attrlabl Sync="TRUE">TMn13_129</attrlabl><attalias Sync="TRUE">TMn13_129</attalias><attrtype Sync="TRUE">Double</attrtype><attwidth Sync="TRUE">19</attwidth><atprecis Sync="TRUE">18</atprecis><attscale Sync="TRUE">14</attscale></attr><attr><attrlabl Sync="TRUE">TMn13_137</attrlabl><attalias Sync="TRUE">TMn13_137</attalias><attrtype Sync="TRUE">Double</attrtype><attwidth Sync="TRUE">19</attwidth><atprecis Sync="TRUE">18</atprecis><attscale Sync="TRUE">14</attscale></attr><attr><attrlabl Sync="TRUE">TMn13_145</attrlabl><attalias Sync="TRUE">TMn13_145</attalias><attrtype Sync="TRUE">Double</attrtype><attwidth Sync="TRUE">19</attwidth><atprecis Sync="TRUE">18</atprecis><attscale Sync="TRUE">15</attscale></attr><attr><attrlabl Sync="TRUE">TMn13_153</attrlabl><attalias Sync="TRUE">TMn13_153</attalias><attrtype Sync="TRUE">Double</attrtype><attwidth Sync="TRUE">19</attwidth><atprecis Sync="TRUE">18</atprecis><attscale Sync="TRUE">14</attscale></attr><attr><attrlabl Sync="TRUE">TMn13_161</attrlabl><attalias Sync="TRUE">TMn13_161</attalias><attrtype Sync="TRUE">Double</attrtype><attwidth Sync="TRUE">19</attwidth><atprecis Sync="TRUE">18</atprecis><attscale Sync="TRUE">14</attscale></attr><attr><attrlabl Sync="TRUE">TMn13_169</attrlabl><attalias Sync="TRUE">TMn13_169</attalias><attrtype Sync="TRUE">Double</attrtype><attwidth Sync="TRUE">19</attwidth><atprecis Sync="TRUE">18</atprecis><attscale Sync="TRUE">14</attscale></attr><attr><attrlabl Sync="TRUE">TMn13_177</attrlabl><attalias Sync="TRUE">TMn13_177</attalias><attrtype Sync="TRUE">Double</attrtype><attwidth Sync="TRUE">19</attwidth><atprecis Sync="TRUE">18</atprecis><attscale Sync="TRUE">14</attscale></attr><attr><attrlabl Sync="TRUE">TMn13_185</attrlabl><attalias Sync="TRUE">TMn13_185</attalias><attrtype Sync="TRUE">Double</attrtype><attwidth Sync="TRUE">19</attwidth><atprecis Sync="TRUE">18</atprecis><attscale Sync="TRUE">14</attscale></attr><attr><attrlabl Sync="TRUE">TMn13_193</attrlabl><attalias Sync="TRUE">TMn13_193</attalias><attrtype Sync="TRUE">Double</attrtype><attwidth Sync="TRUE">19</attwidth><atprecis Sync="TRUE">18</atprecis><attscale Sync="TRUE">14</attscale></attr><attr><attrlabl Sync="TRUE">TMn13_201</attrlabl><attalias Sync="TRUE">TMn13_201</attalias><attrtype Sync="TRUE">Double</attrtype><attwidth Sync="TRUE">19</attwidth><atprecis Sync="TRUE">18</atprecis><attscale Sync="TRUE">14</attscale></attr><attr><attrlabl Sync="TRUE">TMn13_209</attrlabl><attalias Sync="TRUE">TMn13_209</attalias><attrtype Sync="TRUE">Double</attrtype><attwidth Sync="TRUE">19</attwidth><atprecis Sync="TRUE">18</atprecis><attscale Sync="TRUE">14</attscale></attr><attr><attrlabl Sync="TRUE">TMn13_217</attrlabl><attalias Sync="TRUE">TMn13_217</attalias><attrtype Sync="TRUE">Double</attrtype><attwidth Sync="TRUE">19</attwidth><atprecis Sync="TRUE">18</atprecis><attscale Sync="TRUE">14</attscale></attr><attr><attrlabl Sync="TRUE">TMn13_225</attrlabl><attalias Sync="TRUE">TMn13_225</attalias><attrtype Sync="TRUE">Double</attrtype><attwidth Sync="TRUE">19</attwidth><atprecis Sync="TRUE">18</atprecis><attscale Sync="TRUE">14</attscale></attr><attr><attrlabl Sync="TRUE">TMn13_233</attrlabl><attalias Sync="TRUE">TMn13_233</attalias><attrtype Sync="TRUE">Double</attrtype><attwidth Sync="TRUE">19</attwidth><atprecis Sync="TRUE">18</atprecis><attscale Sync="TRUE">14</attscale></attr><attr><attrlabl Sync="TRUE">TMn13_241</attrlabl><attalias Sync="TRUE">TMn13_241</attalias><attrtype Sync="TRUE">Double</attrtype><attwidth Sync="TRUE">19</attwidth><atprecis Sync="TRUE">18</atprecis><attscale Sync="TRUE">14</attscale></attr><attr><attrlabl Sync="TRUE">TMn13_249</attrlabl><attalias Sync="TRUE">TMn13_249</attalias><attrtype Sync="TRUE">Double</attrtype><attwidth Sync="TRUE">19</attwidth><atprecis Sync="TRUE">18</atprecis><attscale Sync="TRUE">14</attscale></attr><attr><attrlabl Sync="TRUE">TMn13_257</attrlabl><attalias Sync="TRUE">TMn13_257</attalias><attrtype Sync="TRUE">Double</attrtype><attwidth Sync="TRUE">19</attwidth><atprecis Sync="TRUE">18</atprecis><attscale Sync="TRUE">14</attscale></attr><attr><attrlabl Sync="TRUE">TMn13_265</attrlabl><attalias Sync="TRUE">TMn13_265</attalias><attrtype Sync="TRUE">Double</attrtype><attwidth Sync="TRUE">19</attwidth><atprecis Sync="TRUE">18</atprecis><attscale Sync="TRUE">14</attscale></attr><attr><attrlabl Sync="TRUE">TMn13_273</attrlabl><attalias Sync="TRUE">TMn13_273</attalias><attrtype Sync="TRUE">Double</attrtype><attwidth Sync="TRUE">19</attwidth><atprecis Sync="TRUE">18</atprecis><attscale Sync="TRUE">15</attscale></attr><attr><attrlabl Sync="TRUE">TMn13_281</attrlabl><attalias Sync="TRUE">TMn13_281</attalias><attrtype Sync="TRUE">Double</attrtype><attwidth Sync="TRUE">19</attwidth><atprecis Sync="TRUE">18</atprecis><attscale Sync="TRUE">15</attscale></attr><attr><attrlabl Sync="TRUE">TMn13_289</attrlabl><attalias Sync="TRUE">TMn13_289</attalias><attrtype Sync="TRUE">Double</attrtype><attwidth Sync="TRUE">19</attwidth><atprecis Sync="TRUE">18</atprecis><attscale Sync="TRUE">15</attscale></attr><attr><attrlabl Sync="TRUE">TMn13_297</attrlabl><attalias Sync="TRUE">TMn13_297</attalias><attrtype Sync="TRUE">Double</attrtype><attwidth Sync="TRUE">19</attwidth><atprecis Sync="TRUE">18</atprecis><attscale Sync="TRUE">15</attscale></attr><attr><attrlabl Sync="TRUE">TMn13_305</attrlabl><attalias Sync="TRUE">TMn13_305</attalias><attrtype Sync="TRUE">Double</attrtype><attwidth Sync="TRUE">19</attwidth><atprecis Sync="TRUE">18</atprecis><attscale Sync="TRUE">15</attscale></attr><attr><attrlabl Sync="TRUE">TMn13_313</attrlabl><attalias Sync="TRUE">TMn13_313</attalias><attrtype Sync="TRUE">Double</attrtype><attwidth Sync="TRUE">19</attwidth><atprecis Sync="TRUE">18</atprecis><attscale Sync="TRUE">15</attscale></attr><attr><attrlabl Sync="TRUE">TMn13_321</attrlabl><attalias Sync="TRUE">TMn13_321</attalias><attrtype Sync="TRUE">Double</attrtype><attwidth Sync="TRUE">19</attwidth><atprecis Sync="TRUE">18</atprecis><attscale Sync="TRUE">15</attscale></attr><attr><attrlabl Sync="TRUE">TMn13_329</attrlabl><attalias Sync="TRUE">TMn13_329</attalias><attrtype Sync="TRUE">Double</attrtype><attwidth Sync="TRUE">19</attwidth><atprecis Sync="TRUE">18</atprecis><attscale Sync="TRUE">15</attscale></attr><attr><attrlabl Sync="TRUE">TMn13_337</attrlabl><attalias Sync="TRUE">TMn13_337</attalias><attrtype Sync="TRUE">Double</attrtype><attwidth Sync="TRUE">19</attwidth><atprecis Sync="TRUE">18</atprecis><attscale Sync="TRUE">15</attscale></attr><attr><attrlabl Sync="TRUE">TMn13_345</attrlabl><attalias Sync="TRUE">TMn13_345</attalias><attrtype Sync="TRUE">Double</attrtype><attwidth Sync="TRUE">19</attwidth><atprecis Sync="TRUE">18</atprecis><attscale Sync="TRUE">15</attscale></attr><attr><attrlabl Sync="TRUE">TMn13_353</attrlabl><attalias Sync="TRUE">TMn13_353</attalias><attrtype Sync="TRUE">Double</attrtype><attwidth Sync="TRUE">19</attwidth><atprecis Sync="TRUE">18</atprecis><attscale Sync="TRUE">15</attscale></attr><attr><attrlabl Sync="TRUE">TMn13_361</attrlabl><attalias Sync="TRUE">TMn13_361</attalias><attrtype Sync="TRUE">Double</attrtype><attwidth Sync="TRUE">19</attwidth><atprecis Sync="TRUE">18</atprecis><attscale Sync="TRUE">15</attscale></attr><attr><attrlabl Sync="TRUE">RCAID</attrlabl><attalias Sync="TRUE">RCAID</attalias><attrtype Sync="TRUE">Double</attrtype><attwidth Sync="TRUE">19</attwidth><atprecis Sync="TRUE">18</atprecis><attscale Sync="TRUE">12</attscale></attr></detailed></eainfo><mdDateSt Sync="TRUE">20171122</mdDateSt></metadata>
