<?xml version="1.0" encoding="UTF-8"?>
<metadata xml:lang="en"><Esri><CreaDate>20171128</CreaDate><CreaTime>14003700</CreaTime><ArcGISFormat>1.0</ArcGISFormat><SyncOnce>FALSE</SyncOnce><DataProperties><itemProps><itemName Sync="TRUE">SegmentedNetwork</itemName><imsContentType Sync="TRUE">002</imsContentType><itemSize Sync="TRUE">0.000</itemSize><itemLocation><linkage Sync="TRUE">file://\\DESKTOP-3KBQTEM\C$\ISEMP\Riverscapes\Appended_Products_20171121\MasterFiles\GNAT_MASTER</linkage><protocol Sync="TRUE">Local Area Network</protocol></itemLocation></itemProps><coordRef><type Sync="TRUE">Projected</type><geogcsn Sync="TRUE">GCS_North_American_1983</geogcsn><csUnits Sync="TRUE">Linear Unit: Meter (1.000000)</csUnits><projcsn Sync="TRUE">North_America_Albers_Equal_Area_Conic</projcsn><peXml Sync="TRUE">&lt;ProjectedCoordinateSystem xsi:type='typens:ProjectedCoordinateSystem' xmlns:xsi='http://www.w3.org/2001/XMLSchema-instance' xmlns:xs='http://www.w3.org/2001/XMLSchema' xmlns:typens='http://www.esri.com/schemas/ArcGIS/10.1'&gt;&lt;WKT&gt;PROJCS[&amp;quot;North_America_Albers_Equal_Area_Conic&amp;quot;,GEOGCS[&amp;quot;GCS_North_American_1983&amp;quot;,DATUM[&amp;quot;D_North_American_1983&amp;quot;,SPHEROID[&amp;quot;GRS_1980&amp;quot;,6378137.0,298.257222101]],PRIMEM[&amp;quot;Greenwich&amp;quot;,0.0],UNIT[&amp;quot;Degree&amp;quot;,0.0174532925199433]],PROJECTION[&amp;quot;Albers&amp;quot;],PARAMETER[&amp;quot;False_Easting&amp;quot;,0.0],PARAMETER[&amp;quot;False_Northing&amp;quot;,0.0],PARAMETER[&amp;quot;Central_Meridian&amp;quot;,-96.0],PARAMETER[&amp;quot;Standard_Parallel_1&amp;quot;,20.0],PARAMETER[&amp;quot;Standard_Parallel_2&amp;quot;,60.0],PARAMETER[&amp;quot;Latitude_Of_Origin&amp;quot;,40.0],UNIT[&amp;quot;Meter&amp;quot;,1.0],AUTHORITY[&amp;quot;ESRI&amp;quot;,102008]]&lt;/WKT&gt;&lt;XOrigin&gt;-16688100&lt;/XOrigin&gt;&lt;YOrigin&gt;-9068200&lt;/YOrigin&gt;&lt;XYScale&gt;269868926.20313245&lt;/XYScale&gt;&lt;ZOrigin&gt;-100000&lt;/ZOrigin&gt;&lt;ZScale&gt;10000&lt;/ZScale&gt;&lt;MOrigin&gt;-100000&lt;/MOrigin&gt;&lt;MScale&gt;10000&lt;/MScale&gt;&lt;XYTolerance&gt;0.001&lt;/XYTolerance&gt;&lt;ZTolerance&gt;0.001&lt;/ZTolerance&gt;&lt;MTolerance&gt;0.001&lt;/MTolerance&gt;&lt;HighPrecision&gt;true&lt;/HighPrecision&gt;&lt;WKID&gt;102008&lt;/WKID&gt;&lt;LatestWKID&gt;102008&lt;/LatestWKID&gt;&lt;/ProjectedCoordinateSystem&gt;</peXml></coordRef><lineage><Process ToolSource="c:\program files (x86)\arcgis\desktop10.1\ArcToolbox\Toolboxes\Data Management Tools.tbx\CopyFeatures" Date="20171102" Time="111625">CopyFeatures in_memory\seg_clean C:\ISEMP\Networks\JohnDay\MiddleForkJohnDay\GNATRiverscapes\MFJohnDay_GNAT\Outputs\Run_20171102\Analyses\Segmentation_500m\SegmentedNetwork.shp # 0 0 0</Process><Process ToolSource="C:\GIS\GIS_Data\GNAT\arcGNAT_2.3.2\GNAT.pyt\SegmentationTool" Date="20171102" Time="111625">SegmentationTool C:\ISEMP\Networks\JohnDay\MiddleForkJohnDay\GNATRiverscapes\MFJohnDay_GNAT\Outputs\Run_20171102\GNAT_StreamNetwork.shp 500 1091 GNIS_Name "Remaining segment at inflow (top) of stream branch" # # C:\ISEMP\Networks\JohnDay\MiddleForkJohnDay\GNATRiverscapes\MFJohnDay_GNAT\Outputs\Run_20171102\Analyses\Segmentation_500m\SegmentedNetwork.shp C:\ISEMP\Networks\JohnDay\MiddleForkJohnDay\GNATRiverscapes\MFJohnDay_GNAT\project.rs.xml Run_20171102 Segmentation_500m</Process><Process ToolSource="c:\program files (x86)\arcgis\desktop10.1\ArcToolbox\Toolboxes\Data Management Tools.tbx\AddField" Date="20171120" Time="172555">AddField lyrInputStreamNetwork InputID DOUBLE # # # # NULLABLE NON_REQUIRED #</Process><Process ToolSource="c:\program files (x86)\arcgis\desktop10.1\ArcToolbox\Toolboxes\Data Management Tools.tbx\CalculateField" Date="20171120" Time="172556">CalculateField lyrInputStreamNetwork InputID !FID! PYTHON_9.3 #</Process><Process ToolSource="c:\program files (x86)\arcgis\desktop10.1\ArcToolbox\Toolboxes\Data Management Tools.tbx\JoinField" Date="20171120" Time="173236">JoinField lyrInputStreamNetwork InputID fcOutputView InputID C_Sin;Planform;V_Sin</Process><Process ToolSource="c:\program files (x86)\arcgis\desktop10.1\ArcToolbox\Toolboxes\Data Management Tools.tbx\AddField" Date="20171120" Time="190114">AddField lyr_in_shp ELEV_START DOUBLE # # # # NULLABLE NON_REQUIRED #</Process><Process ToolSource="c:\program files (x86)\arcgis\desktop10.1\ArcToolbox\Toolboxes\Data Management Tools.tbx\AddField" Date="20171120" Time="190114">AddField lyr_in_shp ELEV_END DOUBLE # # # # NULLABLE NON_REQUIRED #</Process><Process ToolSource="c:\program files (x86)\arcgis\desktop10.1\ArcToolbox\Toolboxes\Data Management Tools.tbx\AddField" Date="20171120" Time="190115">AddField lyr_in_shp DIFF DOUBLE # # # # NULLABLE NON_REQUIRED #</Process><Process ToolSource="c:\program files (x86)\arcgis\desktop10.1\ArcToolbox\Toolboxes\Data Management Tools.tbx\AddField" Date="20171120" Time="190115">AddField lyr_in_shp GRADIENT DOUBLE # # # # NULLABLE NON_REQUIRED #</Process><Process ToolSource="c:\program files (x86)\arcgis\desktop10.1\ArcToolbox\Toolboxes\Data Management Tools.tbx\AddField" Date="20171120" Time="190115">AddField lyr_in_shp LENGTH_M DOUBLE # # # # NULLABLE NON_REQUIRED #</Process><Process ToolSource="c:\program files (x86)\arcgis\desktop10.1\ArcToolbox\Toolboxes\Data Management Tools.tbx\CalculateField" Date="20171120" Time="190117">CalculateField lyr_in_shp LENGTH_M float(!SHAPE.LENGTH!) PYTHON_9.3 #</Process><Process ToolSource="c:\program files (x86)\arcgis\desktop10.1\ArcToolbox\Toolboxes\Data Management Tools.tbx\CalculateField" Date="20171120" Time="190117">CalculateField lyr_in_shp DIFF !ELEV_START!-!ELEV_END! PYTHON_9.3 #</Process><Process ToolSource="c:\program files (x86)\arcgis\desktop10.1\ArcToolbox\Toolboxes\Data Management Tools.tbx\CalculateField" Date="20171120" Time="190118">CalculateField lyr_in_shp GRADIENT !DIFF!/!LENGTH_M! PYTHON_9.3 #</Process><Process ToolSource="c:\program files (x86)\arcgis\desktop10.1\ArcToolbox\Toolboxes\Data Management Tools.tbx\DeleteField" Date="20171120" Time="190118">DeleteField lyr_in_shp DIFF</Process><Process ToolSource="c:\program files (x86)\arcgis\desktop10.1\ArcToolbox\Toolboxes\Data Management Tools.tbx\DeleteField" Date="20171120" Time="190118">DeleteField lyr_in_shp LENGTH_M</Process><Process ToolSource="c:\program files (x86)\arcgis\desktop10.1\ArcToolbox\Toolboxes\Data Management Tools.tbx\DeleteField" Date="20171120" Time="190118">DeleteField lyr_in_shp ELEV_START</Process><Process ToolSource="c:\program files (x86)\arcgis\desktop10.1\ArcToolbox\Toolboxes\Data Management Tools.tbx\DeleteField" Date="20171120" Time="190118">DeleteField lyr_in_shp ELEV_END</Process><Process ToolSource="c:\program files (x86)\arcgis\desktop10.1\ArcToolbox\Toolboxes\Data Management Tools.tbx\AddField" Date="20171120" Time="190739">AddField lyrInputSegments NODES_BM TEXT # # # # NULLABLE NON_REQUIRED #</Process><Process ToolSource="c:\program files (x86)\arcgis\desktop10.1\ArcToolbox\Toolboxes\Data Management Tools.tbx\AddField" Date="20171120" Time="190739">AddField lyrInputSegments NODES_TC TEXT # # # # NULLABLE NON_REQUIRED #</Process><Process ToolSource="c:\program files (x86)\arcgis\desktop10.1\ArcToolbox\Toolboxes\Data Management Tools.tbx\CalculateField" Date="20171121" Time="111830">CalculateField GNATMASTER wshd_name "Middle Fork John Day" VB #</Process><Process ToolSource="c:\program files (x86)\arcgis\desktop10.1\ArcToolbox\Toolboxes\Data Management Tools.tbx\CalculateField" Date="20171121" Time="112129">CalculateField GNATMASTER net_id ""mfjd_" + str(!LineOID!)" PYTHON_9.3 #</Process><Process ToolSource="c:\program files (x86)\arcgis\desktop10.1\ArcToolbox\Toolboxes\Data Management Tools.tbx\CalculateField" Date="20171122" Time="180009">CalculateField GNAT_MASTER netid !netid! PYTHON_9.3 #</Process><Process ToolSource="c:\program files (x86)\arcgis\desktop10.1\ArcToolbox\Toolboxes\Data Management Tools.tbx\Append" Date="20171127" Time="165946">Append UpperSalmon_SegmentedNetwork GNAT_MASTER NO_TEST "C_Sin "C_Sin" true false false 19 Double 0 0 ,First,#,C:\ISEMP\Riverscapes\Appended_Products_20171121\GNAT_500mNetworks\UpperSalmon_SegmentedNetwork.shp,C_Sin,-1,-1;V_Sin "V_Sin" true false false 19 Double 0 0 ,First,#;Planform "Planform" true false false 19 Double 0 0 ,First,#;GRADIENT "GRADIENT" true false false 19 Double 0 0 ,First,#,C:\ISEMP\Riverscapes\Appended_Products_20171121\GNAT_500mNetworks\UpperSalmon_SegmentedNetwork.shp,GRADIENT,-1,-1;NODES_BM "NODES_BM" true false false 254 Text 0 0 ,First,#,C:\ISEMP\Riverscapes\Appended_Products_20171121\GNAT_500mNetworks\UpperSalmon_SegmentedNetwork.shp,NODES_BM,-1,-1;NODES_TC "NODES_TC" true false false 254 Text 0 0 ,First,#,C:\ISEMP\Riverscapes\Appended_Products_20171121\GNAT_500mNetworks\UpperSalmon_SegmentedNetwork.shp,NODES_TC,-1,-1;wshd_name "wshd_name" true false false 254 Text 0 0 ,First,#,C:\ISEMP\Riverscapes\Appended_Products_20171121\GNAT_500mNetworks\UpperSalmon_SegmentedNetwork.shp,wshd_name,-1,-1;netid "netid" true false false 50 Text 0 0 ,First,#,C:\ISEMP\Riverscapes\Appended_Products_20171121\GNAT_500mNetworks\UpperSalmon_SegmentedNetwork.shp,netid,-1,-1" #</Process><Process ToolSource="c:\program files (x86)\arcgis\desktop10.1\ArcToolbox\Toolboxes\Data Management Tools.tbx\CalculateField" Date="20171127" Time="170047">CalculateField GNAT_MASTER V_Sin "null" VB #</Process><Process ToolSource="c:\program files (x86)\arcgis\desktop10.1\ArcToolbox\Toolboxes\Data Management Tools.tbx\CalculateField" Date="20171127" Time="170744">CalculateField GNAT_MASTER V_Sin -99999 VB #</Process><Process ToolSource="c:\program files (x86)\arcgis\desktop10.1\ArcToolbox\Toolboxes\Data Management Tools.tbx\CalculateField" Date="20171127" Time="170750">CalculateField GNAT_MASTER Planform -99999 VB #</Process><Process ToolSource="c:\program files (x86)\arcgis\desktop10.1\ArcToolbox\Toolboxes\Data Management Tools.tbx\CalculateField" Date="20171127" Time="171101">CalculateField GNAT_MASTER wshd_name "Upper Middle Fork Salmon" VB #</Process><Process ToolSource="c:\program files (x86)\arcgis\desktop10.1\ArcToolbox\Toolboxes\Data Management Tools.tbx\Append" Date="20171128" Time="082813">Append UMFSalmon_SegmentedNetwork GNAT_MASTER NO_TEST "C_Sin "C_Sin" true false false 19 Double 0 0 ,First,#,C:\ISEMP\Riverscapes\Appended_Products_20171121\GNAT_500mNetworks\UMFSalmon_SegmentedNetwork.shp,C_Sin,-1,-1;V_Sin "V_Sin" true false false 19 Double 0 0 ,First,#;Planform "Planform" true false false 19 Double 0 0 ,First,#;GRADIENT "GRADIENT" true false false 19 Double 0 0 ,First,#,C:\ISEMP\Riverscapes\Appended_Products_20171121\GNAT_500mNetworks\UMFSalmon_SegmentedNetwork.shp,GRADIENT,-1,-1;NODES_BM "NODES_BM" true false false 254 Text 0 0 ,First,#,C:\ISEMP\Riverscapes\Appended_Products_20171121\GNAT_500mNetworks\UMFSalmon_SegmentedNetwork.shp,NODES_BM,-1,-1;NODES_TC "NODES_TC" true false false 254 Text 0 0 ,First,#,C:\ISEMP\Riverscapes\Appended_Products_20171121\GNAT_500mNetworks\UMFSalmon_SegmentedNetwork.shp,NODES_TC,-1,-1;wshd_name "wshd_name" true false false 254 Text 0 0 ,First,#,C:\ISEMP\Riverscapes\Appended_Products_20171121\GNAT_500mNetworks\UMFSalmon_SegmentedNetwork.shp,wshd_name,-1,-1;netid "netid" true false false 50 Text 0 0 ,First,#,C:\ISEMP\Riverscapes\Appended_Products_20171121\GNAT_500mNetworks\UMFSalmon_SegmentedNetwork.shp,netid,-1,-1" #</Process><Process ToolSource="c:\program files (x86)\arcgis\desktop10.1\ArcToolbox\Toolboxes\Data Management Tools.tbx\CalculateField" Date="20171128" Time="083348">CalculateField GNAT_MASTER V_Sin -99999 VB #</Process><Process ToolSource="c:\program files (x86)\arcgis\desktop10.1\ArcToolbox\Toolboxes\Data Management Tools.tbx\CalculateField" Date="20171128" Time="083356">CalculateField GNAT_MASTER Planform -99999 VB #</Process><Process ToolSource="c:\program files (x86)\arcgis\desktop10.1\ArcToolbox\Toolboxes\Data Management Tools.tbx\Append" Date="20171128" Time="085814">Append UpperSalmon_SegmentedNetwork GNAT_MASTER TEST # #</Process><Process ToolSource="c:\program files (x86)\arcgis\desktop10.1\ArcToolbox\Toolboxes\Data Management Tools.tbx\Append" Date="20171128" Time="090101">Append Lemhi_SegmentedNetwork GNAT_MASTER TEST # #</Process><Process ToolSource="c:\program files (x86)\arcgis\desktop10.1\ArcToolbox\Toolboxes\Data Management Tools.tbx\Append" Date="20171128" Time="090634">Append Wenatchee_SegmentedNetwork GNAT_MASTER NO_TEST "C_Sin "C_Sin" true false false 19 Double 0 0 ,First,#,C:\ISEMP\Riverscapes\Appended_Products_20171121\GNAT_500mNetworks\Wenatchee_SegmentedNetwork.shp,C_Sin,-1,-1;V_Sin "V_Sin" true false false 19 Double 0 0 ,First,#;Planform "Planform" true false false 19 Double 0 0 ,First,#;GRADIENT "GRADIENT" true false false 19 Double 0 0 ,First,#,C:\ISEMP\Riverscapes\Appended_Products_20171121\GNAT_500mNetworks\Wenatchee_SegmentedNetwork.shp,GRADIENT,-1,-1;NODES_BM "NODES_BM" true false false 254 Text 0 0 ,First,#,C:\ISEMP\Riverscapes\Appended_Products_20171121\GNAT_500mNetworks\Wenatchee_SegmentedNetwork.shp,NODES_BM,-1,-1;NODES_TC "NODES_TC" true false false 254 Text 0 0 ,First,#,C:\ISEMP\Riverscapes\Appended_Products_20171121\GNAT_500mNetworks\Wenatchee_SegmentedNetwork.shp,NODES_TC,-1,-1;wshd_name "wshd_name" true false false 254 Text 0 0 ,First,#,C:\ISEMP\Riverscapes\Appended_Products_20171121\GNAT_500mNetworks\Wenatchee_SegmentedNetwork.shp,wshd_name,-1,-1;netid "netid" true false false 50 Text 0 0 ,First,#,C:\ISEMP\Riverscapes\Appended_Products_20171121\GNAT_500mNetworks\Wenatchee_SegmentedNetwork.shp,netid,-1,-1" #</Process><Process ToolSource="c:\program files (x86)\arcgis\desktop10.1\ArcToolbox\Toolboxes\Data Management Tools.tbx\CalculateField" Date="20171128" Time="090727">CalculateField GNAT_MASTER V_Sin -99999 VB #</Process><Process ToolSource="c:\program files (x86)\arcgis\desktop10.1\ArcToolbox\Toolboxes\Data Management Tools.tbx\CalculateField" Date="20171128" Time="090732">CalculateField GNAT_MASTER Planform -99999 VB #</Process><Process ToolSource="c:\program files (x86)\arcgis\desktop10.1\ArcToolbox\Toolboxes\Data Management Tools.tbx\Append" Date="20171128" Time="091038">Append Asotin_SegmentedNetwork GNAT_MASTER TEST # #</Process><Process ToolSource="c:\program files (x86)\arcgis\desktop10.1\ArcToolbox\Toolboxes\Data Management Tools.tbx\Append" Date="20171128" Time="091305">Append Entiat_SegmentedNetwork GNAT_MASTER TEST # #</Process><Process ToolSource="c:\program files (x86)\arcgis\desktop10.1\ArcToolbox\Toolboxes\Data Management Tools.tbx\Append" Date="20171128" Time="091631">Append LJD_SegmentedNetwork GNAT_MASTER NO_TEST "C_Sin "C_Sin" true false false 19 Double 0 0 ,First,#,C:\ISEMP\Riverscapes\Appended_Products_20171121\GNAT_500mNetworks\LJD_SegmentedNetwork.shp,C_Sin,-1,-1;V_Sin "V_Sin" true false false 19 Double 0 0 ,First,#;Planform "Planform" true false false 19 Double 0 0 ,First,#;GRADIENT "GRADIENT" true false false 19 Double 0 0 ,First,#,C:\ISEMP\Riverscapes\Appended_Products_20171121\GNAT_500mNetworks\LJD_SegmentedNetwork.shp,GRADIENT,-1,-1;NODES_BM "NODES_BM" true false false 254 Text 0 0 ,First,#,C:\ISEMP\Riverscapes\Appended_Products_20171121\GNAT_500mNetworks\LJD_SegmentedNetwork.shp,NODES_BM,-1,-1;NODES_TC "NODES_TC" true false false 254 Text 0 0 ,First,#,C:\ISEMP\Riverscapes\Appended_Products_20171121\GNAT_500mNetworks\LJD_SegmentedNetwork.shp,NODES_TC,-1,-1;wshd_name "wshd_name" true false false 254 Text 0 0 ,First,#,C:\ISEMP\Riverscapes\Appended_Products_20171121\GNAT_500mNetworks\LJD_SegmentedNetwork.shp,wshd_name,-1,-1;netid "netid" true false false 50 Text 0 0 ,First,#,C:\ISEMP\Riverscapes\Appended_Products_20171121\GNAT_500mNetworks\LJD_SegmentedNetwork.shp,netid,-1,-1" #</Process><Process ToolSource="c:\program files (x86)\arcgis\desktop10.1\ArcToolbox\Toolboxes\Data Management Tools.tbx\CalculateField" Date="20171128" Time="091702">CalculateField GNAT_MASTER V_Sin -99999 VB #</Process><Process ToolSource="c:\program files (x86)\arcgis\desktop10.1\ArcToolbox\Toolboxes\Data Management Tools.tbx\CalculateField" Date="20171128" Time="091707">CalculateField GNAT_MASTER Planform -99999 VB #</Process><Process ToolSource="c:\program files (x86)\arcgis\desktop10.1\ArcToolbox\Toolboxes\Data Management Tools.tbx\Append" Date="20171128" Time="095448">Append UJD_SegmentedNetwork GNAT_MASTER NO_TEST "C_Sin "C_Sin" true false false 19 Double 0 0 ,First,#,C:\ISEMP\Riverscapes\Appended_Products_20171121\GNAT_500mNetworks\UJD_SegmentedNetwork.shp,C_Sin,-1,-1;V_Sin "V_Sin" true false false 19 Double 0 0 ,First,#;Planform "Planform" true false false 19 Double 0 0 ,First,#;GRADIENT "GRADIENT" true false false 19 Double 0 0 ,First,#,C:\ISEMP\Riverscapes\Appended_Products_20171121\GNAT_500mNetworks\UJD_SegmentedNetwork.shp,GRADIENT,-1,-1;NODES_BM "NODES_BM" true false false 254 Text 0 0 ,First,#,C:\ISEMP\Riverscapes\Appended_Products_20171121\GNAT_500mNetworks\UJD_SegmentedNetwork.shp,NODES_BM,-1,-1;NODES_TC "NODES_TC" true false false 254 Text 0 0 ,First,#,C:\ISEMP\Riverscapes\Appended_Products_20171121\GNAT_500mNetworks\UJD_SegmentedNetwork.shp,NODES_TC,-1,-1;wshd_name "wshd_name" true false false 254 Text 0 0 ,First,#,C:\ISEMP\Riverscapes\Appended_Products_20171121\GNAT_500mNetworks\UJD_SegmentedNetwork.shp,wshd_name,-1,-1;netid "netid" true false false 50 Text 0 0 ,First,#,C:\ISEMP\Riverscapes\Appended_Products_20171121\GNAT_500mNetworks\UJD_SegmentedNetwork.shp,netid,-1,-1" #</Process><Process ToolSource="c:\program files (x86)\arcgis\desktop10.1\ArcToolbox\Toolboxes\Data Management Tools.tbx\CalculateField" Date="20171128" Time="095532">CalculateField GNAT_MASTER V_Sin -99999 VB #</Process><Process ToolSource="c:\program files (x86)\arcgis\desktop10.1\ArcToolbox\Toolboxes\Data Management Tools.tbx\CalculateField" Date="20171128" Time="095538">CalculateField GNAT_MASTER Planform -99999 VB #</Process><Process ToolSource="c:\program files (x86)\arcgis\desktop10.1\ArcToolbox\Toolboxes\Data Management Tools.tbx\Append" Date="20171128" Time="110607">Append SFS_SegmentedNetwork GNAT_MASTER TEST # #</Process><Process ToolSource="c:\program files (x86)\arcgis\desktop10.1\ArcToolbox\Toolboxes\Data Management Tools.tbx\Append" Date="20171128" Time="111017">Append Methow_SegmentedNetwork GNAT_MASTER TEST # #</Process><Process ToolSource="c:\program files (x86)\arcgis\desktop10.1\ArcToolbox\Toolboxes\Data Management Tools.tbx\Append" Date="20171128" Time="111418">Append Tucannon_SegmentedNetwork GNAT_MASTER TEST # #</Process><Process ToolSource="c:\program files (x86)\arcgis\desktop10.1\ArcToolbox\Toolboxes\Data Management Tools.tbx\Append" Date="20171128" Time="111648">Append UGR_SegmentedNetwork GNAT_MASTER NO_TEST "C_Sin "C_Sin" true false false 19 Double 0 0 ,First,#,C:\ISEMP\Riverscapes\Appended_Products_20171121\GNAT_500mNetworks\UGR_SegmentedNetwork.shp,C_Sin,-1,-1;V_Sin "V_Sin" true false false 19 Double 0 0 ,First,#;Planform "Planform" true false false 19 Double 0 0 ,First,#;GRADIENT "GRADIENT" true false false 19 Double 0 0 ,First,#,C:\ISEMP\Riverscapes\Appended_Products_20171121\GNAT_500mNetworks\UGR_SegmentedNetwork.shp,GRADIENT,-1,-1;NODES_BM "NODES_BM" true false false 254 Text 0 0 ,First,#,C:\ISEMP\Riverscapes\Appended_Products_20171121\GNAT_500mNetworks\UGR_SegmentedNetwork.shp,NODES_BM,-1,-1;NODES_TC "NODES_TC" true false false 254 Text 0 0 ,First,#,C:\ISEMP\Riverscapes\Appended_Products_20171121\GNAT_500mNetworks\UGR_SegmentedNetwork.shp,NODES_TC,-1,-1;wshd_name "wshd_name" true false false 254 Text 0 0 ,First,#,C:\ISEMP\Riverscapes\Appended_Products_20171121\GNAT_500mNetworks\UGR_SegmentedNetwork.shp,wshd_name,-1,-1;netid "netid" true false false 50 Text 0 0 ,First,#,C:\ISEMP\Riverscapes\Appended_Products_20171121\GNAT_500mNetworks\UGR_SegmentedNetwork.shp,netid,-1,-1" #</Process><Process ToolSource="c:\program files (x86)\arcgis\desktop10.1\ArcToolbox\Toolboxes\Data Management Tools.tbx\CalculateField" Date="20171128" Time="111719">CalculateField GNAT_MASTER V_Sin -99999 VB #</Process><Process ToolSource="c:\program files (x86)\arcgis\desktop10.1\ArcToolbox\Toolboxes\Data Management Tools.tbx\CalculateField" Date="20171128" Time="111726">CalculateField GNAT_MASTER Planform -99999 VB #</Process><Process ToolSource="c:\program files (x86)\arcgis\desktop10.1\ArcToolbox\Toolboxes\Data Management Tools.tbx\Append" Date="20171128" Time="111937">Append Pahsimeroi_SegmentedNetwork GNAT_MASTER TEST # #</Process><Process ToolSource="c:\program files (x86)\arcgis\desktop10.1\ArcToolbox\Toolboxes\Data Management Tools.tbx\Append" Date="20171128" Time="112515">Append MSP_SegmentedNetwork GNAT_MASTER TEST # #</Process><Process ToolSource="c:\program files (x86)\arcgis\desktop10.1\ArcToolbox\Toolboxes\Data Management Tools.tbx\Append" Date="20171128" Time="112820">Append WallaWalla_SegmentedNetwork GNAT_MASTER NO_TEST "C_Sin "C_Sin" true false false 19 Double 0 0 ,First,#,C:\ISEMP\Riverscapes\Appended_Products_20171121\GNAT_500mNetworks\WallaWalla_SegmentedNetwork.shp,C_Sin,-1,-1;V_Sin "V_Sin" true false false 19 Double 0 0 ,First,#;Planform "Planform" true false false 19 Double 0 0 ,First,#;GRADIENT "GRADIENT" true false false 19 Double 0 0 ,First,#,C:\ISEMP\Riverscapes\Appended_Products_20171121\GNAT_500mNetworks\WallaWalla_SegmentedNetwork.shp,GRADIENT,-1,-1;NODES_BM "NODES_BM" true false false 254 Text 0 0 ,First,#,C:\ISEMP\Riverscapes\Appended_Products_20171121\GNAT_500mNetworks\WallaWalla_SegmentedNetwork.shp,NODES_BM,-1,-1;NODES_TC "NODES_TC" true false false 254 Text 0 0 ,First,#,C:\ISEMP\Riverscapes\Appended_Products_20171121\GNAT_500mNetworks\WallaWalla_SegmentedNetwork.shp,NODES_TC,-1,-1;wshd_name "wshd_name" true false false 254 Text 0 0 ,First,#,C:\ISEMP\Riverscapes\Appended_Products_20171121\GNAT_500mNetworks\WallaWalla_SegmentedNetwork.shp,wshd_name,-1,-1;netid "netid" true false false 50 Text 0 0 ,First,#,C:\ISEMP\Riverscapes\Appended_Products_20171121\GNAT_500mNetworks\WallaWalla_SegmentedNetwork.shp,netid,-1,-1" #</Process><Process ToolSource="c:\program files (x86)\arcgis\desktop10.1\ArcToolbox\Toolboxes\Data Management Tools.tbx\CalculateField" Date="20171128" Time="112844">CalculateField GNAT_MASTER V_Sin -99999 VB #</Process><Process ToolSource="c:\program files (x86)\arcgis\desktop10.1\ArcToolbox\Toolboxes\Data Management Tools.tbx\CalculateField" Date="20171128" Time="112856">CalculateField GNAT_MASTER Planform -99999 VB #</Process><Process ToolSource="c:\program files (x86)\arcgis\desktop10.1\ArcToolbox\Toolboxes\Data Management Tools.tbx\Append" Date="20171128" Time="113146">Append Umatilla_SegmentedNetwork GNAT_MASTER NO_TEST "C_Sin "C_Sin" true false false 19 Double 0 0 ,First,#,C:\ISEMP\Riverscapes\Appended_Products_20171121\GNAT_500mNetworks\Umatilla_SegmentedNetwork.shp,C_Sin,-1,-1;V_Sin "V_Sin" true false false 19 Double 0 0 ,First,#;Planform "Planform" true false false 19 Double 0 0 ,First,#;GRADIENT "GRADIENT" true false false 19 Double 0 0 ,First,#,C:\ISEMP\Riverscapes\Appended_Products_20171121\GNAT_500mNetworks\Umatilla_SegmentedNetwork.shp,GRADIENT,-1,-1;NODES_BM "NODES_BM" true false false 254 Text 0 0 ,First,#,C:\ISEMP\Riverscapes\Appended_Products_20171121\GNAT_500mNetworks\Umatilla_SegmentedNetwork.shp,NODES_BM,-1,-1;NODES_TC "NODES_TC" true false false 254 Text 0 0 ,First,#,C:\ISEMP\Riverscapes\Appended_Products_20171121\GNAT_500mNetworks\Umatilla_SegmentedNetwork.shp,NODES_TC,-1,-1;wshd_name "wshd_name" true false false 254 Text 0 0 ,First,#,C:\ISEMP\Riverscapes\Appended_Products_20171121\GNAT_500mNetworks\Umatilla_SegmentedNetwork.shp,wshd_name,-1,-1;netid "netid" true false false 50 Text 0 0 ,First,#,C:\ISEMP\Riverscapes\Appended_Products_20171121\GNAT_500mNetworks\Umatilla_SegmentedNetwork.shp,netid,-1,-1" #</Process><Process ToolSource="c:\program files (x86)\arcgis\desktop10.1\ArcToolbox\Toolboxes\Data Management Tools.tbx\CalculateField" Date="20171128" Time="113213">CalculateField GNAT_MASTER V_Sin -99999 VB #</Process><Process ToolSource="c:\program files (x86)\arcgis\desktop10.1\ArcToolbox\Toolboxes\Data Management Tools.tbx\CalculateField" Date="20171128" Time="113223">CalculateField GNAT_MASTER Planform -99999 VB #</Process><Process ToolSource="c:\program files (x86)\arcgis\desktop10.1\ArcToolbox\Toolboxes\Data Management Tools.tbx\Append" Date="20171128" Time="113421">Append SFClearwater_SegmentedNetwork GNAT_MASTER NO_TEST "C_Sin "C_Sin" true false false 19 Double 0 0 ,First,#,C:\ISEMP\Riverscapes\Appended_Products_20171121\GNAT_500mNetworks\SFClearwater_SegmentedNetwork.shp,C_Sin,-1,-1;V_Sin "V_Sin" true false false 19 Double 0 0 ,First,#;Planform "Planform" true false false 19 Double 0 0 ,First,#;GRADIENT "GRADIENT" true false false 19 Double 0 0 ,First,#,C:\ISEMP\Riverscapes\Appended_Products_20171121\GNAT_500mNetworks\SFClearwater_SegmentedNetwork.shp,GRADIENT,-1,-1;NODES_BM "NODES_BM" true false false 254 Text 0 0 ,First,#,C:\ISEMP\Riverscapes\Appended_Products_20171121\GNAT_500mNetworks\SFClearwater_SegmentedNetwork.shp,NODES_BM,-1,-1;NODES_TC "NODES_TC" true false false 254 Text 0 0 ,First,#,C:\ISEMP\Riverscapes\Appended_Products_20171121\GNAT_500mNetworks\SFClearwater_SegmentedNetwork.shp,NODES_TC,-1,-1;wshd_name "wshd_name" true false false 254 Text 0 0 ,First,#,C:\ISEMP\Riverscapes\Appended_Products_20171121\GNAT_500mNetworks\SFClearwater_SegmentedNetwork.shp,wshd_name,-1,-1;netid "netid" true false false 50 Text 0 0 ,First,#,C:\ISEMP\Riverscapes\Appended_Products_20171121\GNAT_500mNetworks\SFClearwater_SegmentedNetwork.shp,netid,-1,-1" #</Process><Process ToolSource="c:\program files (x86)\arcgis\desktop10.1\ArcToolbox\Toolboxes\Data Management Tools.tbx\CalculateField" Date="20171128" Time="113449">CalculateField GNAT_MASTER V_Sin -99999 VB #</Process><Process ToolSource="c:\program files (x86)\arcgis\desktop10.1\ArcToolbox\Toolboxes\Data Management Tools.tbx\CalculateField" Date="20171128" Time="113455">CalculateField GNAT_MASTER Planform -99999 VB #</Process><Process ToolSource="c:\program files (x86)\arcgis\desktop10.1\ArcToolbox\Toolboxes\Data Management Tools.tbx\Append" Date="20171128" Time="114018">Append Clearwater_SegmentedNetwork GNAT_MASTER NO_TEST "C_Sin "C_Sin" true false false 19 Double 0 0 ,First,#,C:\ISEMP\Riverscapes\Appended_Products_20171121\GNAT_500mNetworks\Clearwater_SegmentedNetwork.shp,C_Sin,-1,-1;V_Sin "V_Sin" true false false 19 Double 0 0 ,First,#;Planform "Planform" true false false 19 Double 0 0 ,First,#;GRADIENT "GRADIENT" true false false 19 Double 0 0 ,First,#,C:\ISEMP\Riverscapes\Appended_Products_20171121\GNAT_500mNetworks\Clearwater_SegmentedNetwork.shp,GRADIENT,-1,-1;NODES_BM "NODES_BM" true false false 254 Text 0 0 ,First,#,C:\ISEMP\Riverscapes\Appended_Products_20171121\GNAT_500mNetworks\Clearwater_SegmentedNetwork.shp,NODES_BM,-1,-1;NODES_TC "NODES_TC" true false false 254 Text 0 0 ,First,#,C:\ISEMP\Riverscapes\Appended_Products_20171121\GNAT_500mNetworks\Clearwater_SegmentedNetwork.shp,NODES_TC,-1,-1;wshd_name "wshd_name" true false false 254 Text 0 0 ,First,#,C:\ISEMP\Riverscapes\Appended_Products_20171121\GNAT_500mNetworks\Clearwater_SegmentedNetwork.shp,wshd_name,-1,-1;netid "netid" true false false 50 Text 0 0 ,First,#,C:\ISEMP\Riverscapes\Appended_Products_20171121\GNAT_500mNetworks\Clearwater_SegmentedNetwork.shp,netid,-1,-1" #</Process><Process ToolSource="c:\program files (x86)\arcgis\desktop10.1\ArcToolbox\Toolboxes\Data Management Tools.tbx\CalculateField" Date="20171128" Time="114050">CalculateField GNAT_MASTER V_Sin -99999 VB #</Process><Process ToolSource="c:\program files (x86)\arcgis\desktop10.1\ArcToolbox\Toolboxes\Data Management Tools.tbx\CalculateField" Date="20171128" Time="114056">CalculateField GNAT_MASTER Planform -99999 VB #</Process><Process ToolSource="c:\program files (x86)\arcgis\desktop10.1\ArcToolbox\Toolboxes\Data Management Tools.tbx\Append" Date="20171128" Time="114353">Append Wallowa_SegmentedNetwork GNAT_MASTER NO_TEST "C_Sin "C_Sin" true false false 19 Double 0 0 ,First,#,C:\ISEMP\Riverscapes\Appended_Products_20171121\GNAT_500mNetworks\Wallowa_SegmentedNetwork.shp,C_Sin,-1,-1;V_Sin "V_Sin" true false false 19 Double 0 0 ,First,#;Planform "Planform" true false false 19 Double 0 0 ,First,#;GRADIENT "GRADIENT" true false false 19 Double 0 0 ,First,#,C:\ISEMP\Riverscapes\Appended_Products_20171121\GNAT_500mNetworks\Wallowa_SegmentedNetwork.shp,GRADIENT,-1,-1;NODES_BM "NODES_BM" true false false 254 Text 0 0 ,First,#,C:\ISEMP\Riverscapes\Appended_Products_20171121\GNAT_500mNetworks\Wallowa_SegmentedNetwork.shp,NODES_BM,-1,-1;NODES_TC "NODES_TC" true false false 254 Text 0 0 ,First,#,C:\ISEMP\Riverscapes\Appended_Products_20171121\GNAT_500mNetworks\Wallowa_SegmentedNetwork.shp,NODES_TC,-1,-1;wshd_name "wshd_name" true false false 254 Text 0 0 ,First,#,C:\ISEMP\Riverscapes\Appended_Products_20171121\GNAT_500mNetworks\Wallowa_SegmentedNetwork.shp,wshd_name,-1,-1;netid "netid" true false false 50 Text 0 0 ,First,#,C:\ISEMP\Riverscapes\Appended_Products_20171121\GNAT_500mNetworks\Wallowa_SegmentedNetwork.shp,netid,-1,-1" #</Process><Process ToolSource="c:\program files (x86)\arcgis\desktop10.1\ArcToolbox\Toolboxes\Data Management Tools.tbx\CalculateField" Date="20171128" Time="114423">CalculateField GNAT_MASTER V_Sin -99999 VB #</Process><Process ToolSource="c:\program files (x86)\arcgis\desktop10.1\ArcToolbox\Toolboxes\Data Management Tools.tbx\CalculateField" Date="20171128" Time="114430">CalculateField GNAT_MASTER Planform -99999 VB #</Process><Process ToolSource="c:\program files (x86)\arcgis\desktop10.1\ArcToolbox\Toolboxes\Data Management Tools.tbx\Append" Date="20171128" Time="115427">Append Lochsa_SegmentedNetwork GNAT_MASTER TEST # #</Process><Process ToolSource="c:\program files (x86)\arcgis\desktop10.1\ArcToolbox\Toolboxes\Data Management Tools.tbx\Append" Date="20171128" Time="115836">Append LowerSelway_SegmentedNetwork GNAT_MASTER TEST # #</Process><Process ToolSource="c:\program files (x86)\arcgis\desktop10.1\ArcToolbox\Toolboxes\Data Management Tools.tbx\Append" Date="20171128" Time="120056">Append LowerYakima_SegmentedNetwork GNAT_MASTER NO_TEST "C_Sin "C_Sin" true false false 19 Double 0 0 ,First,#,C:\ISEMP\Riverscapes\Appended_Products_20171121\GNAT_500mNetworks\LowerYakima_SegmentedNetwork.shp,C_Sin,-1,-1;V_Sin "V_Sin" true false false 19 Double 0 0 ,First,#;Planform "Planform" true false false 19 Double 0 0 ,First,#;GRADIENT "GRADIENT" true false false 19 Double 0 0 ,First,#,C:\ISEMP\Riverscapes\Appended_Products_20171121\GNAT_500mNetworks\LowerYakima_SegmentedNetwork.shp,GRADIENT,-1,-1;NODES_BM "NODES_BM" true false false 254 Text 0 0 ,First,#,C:\ISEMP\Riverscapes\Appended_Products_20171121\GNAT_500mNetworks\LowerYakima_SegmentedNetwork.shp,NODES_BM,-1,-1;NODES_TC "NODES_TC" true false false 254 Text 0 0 ,First,#,C:\ISEMP\Riverscapes\Appended_Products_20171121\GNAT_500mNetworks\LowerYakima_SegmentedNetwork.shp,NODES_TC,-1,-1;wshd_name "wshd_name" true false false 254 Text 0 0 ,First,#,C:\ISEMP\Riverscapes\Appended_Products_20171121\GNAT_500mNetworks\LowerYakima_SegmentedNetwork.shp,wshd_name,-1,-1;netid "netid" true false false 50 Text 0 0 ,First,#,C:\ISEMP\Riverscapes\Appended_Products_20171121\GNAT_500mNetworks\LowerYakima_SegmentedNetwork.shp,netid,-1,-1" #</Process><Process ToolSource="c:\program files (x86)\arcgis\desktop10.1\ArcToolbox\Toolboxes\Data Management Tools.tbx\CalculateField" Date="20171128" Time="120120">CalculateField GNAT_MASTER V_Sin -99999 VB #</Process><Process ToolSource="c:\program files (x86)\arcgis\desktop10.1\ArcToolbox\Toolboxes\Data Management Tools.tbx\CalculateField" Date="20171128" Time="120128">CalculateField GNAT_MASTER Planform -99999 VB #</Process><Process ToolSource="c:\program files (x86)\arcgis\desktop10.1\ArcToolbox\Toolboxes\Data Management Tools.tbx\Append" Date="20171128" Time="120505">Append UpperYakima_SegmentedNetwork GNAT_MASTER TEST # #</Process><Process ToolSource="c:\program files (x86)\arcgis\desktop10.1\ArcToolbox\Toolboxes\Data Management Tools.tbx\Append" Date="20171128" Time="122632">Append UNFClearwater_SegmentedNetwork GNAT_MASTER NO_TEST "C_Sin "C_Sin" true false false 19 Double 0 0 ,First,#,C:\ISEMP\Riverscapes\Appended_Products_20171121\GNAT_500mNetworks\UNFClearwater_SegmentedNetwork.shp,C_Sin,-1,-1;V_Sin "V_Sin" true false false 19 Double 0 0 ,First,#;Planform "Planform" true false false 19 Double 0 0 ,First,#;GRADIENT "GRADIENT" true false false 19 Double 0 0 ,First,#,C:\ISEMP\Riverscapes\Appended_Products_20171121\GNAT_500mNetworks\UNFClearwater_SegmentedNetwork.shp,GRADIENT,-1,-1;NODES_BM "NODES_BM" true false false 254 Text 0 0 ,First,#,C:\ISEMP\Riverscapes\Appended_Products_20171121\GNAT_500mNetworks\UNFClearwater_SegmentedNetwork.shp,NODES_BM,-1,-1;NODES_TC "NODES_TC" true false false 254 Text 0 0 ,First,#,C:\ISEMP\Riverscapes\Appended_Products_20171121\GNAT_500mNetworks\UNFClearwater_SegmentedNetwork.shp,NODES_TC,-1,-1;wshd_name "wshd_name" true false false 254 Text 0 0 ,First,#,C:\ISEMP\Riverscapes\Appended_Products_20171121\GNAT_500mNetworks\UNFClearwater_SegmentedNetwork.shp,wshd_name,-1,-1;netid "netid" true false false 50 Text 0 0 ,First,#,C:\ISEMP\Riverscapes\Appended_Products_20171121\GNAT_500mNetworks\UNFClearwater_SegmentedNetwork.shp,netid,-1,-1" #</Process><Process ToolSource="c:\program files (x86)\arcgis\desktop10.1\ArcToolbox\Toolboxes\Data Management Tools.tbx\CalculateField" Date="20171128" Time="122725">CalculateField GNAT_MASTER V_Sin -99999 VB #</Process><Process ToolSource="c:\program files (x86)\arcgis\desktop10.1\ArcToolbox\Toolboxes\Data Management Tools.tbx\CalculateField" Date="20171128" Time="122733">CalculateField GNAT_MASTER Planform -99999 VB #</Process><Process ToolSource="c:\program files (x86)\arcgis\desktop10.1\ArcToolbox\Toolboxes\Data Management Tools.tbx\Append" Date="20171128" Time="123110">Append LNFClearwater_SegmentedNetwork GNAT_MASTER NO_TEST "C_Sin "C_Sin" true false false 19 Double 0 0 ,First,#,C:\ISEMP\Riverscapes\Appended_Products_20171121\GNAT_500mNetworks\LNFClearwater_SegmentedNetwork.shp,C_Sin,-1,-1;V_Sin "V_Sin" true false false 19 Double 0 0 ,First,#;Planform "Planform" true false false 19 Double 0 0 ,First,#;GRADIENT "GRADIENT" true false false 19 Double 0 0 ,First,#,C:\ISEMP\Riverscapes\Appended_Products_20171121\GNAT_500mNetworks\LNFClearwater_SegmentedNetwork.shp,GRADIENT,-1,-1;NODES_BM "NODES_BM" true false false 254 Text 0 0 ,First,#,C:\ISEMP\Riverscapes\Appended_Products_20171121\GNAT_500mNetworks\LNFClearwater_SegmentedNetwork.shp,NODES_BM,-1,-1;NODES_TC "NODES_TC" true false false 254 Text 0 0 ,First,#,C:\ISEMP\Riverscapes\Appended_Products_20171121\GNAT_500mNetworks\LNFClearwater_SegmentedNetwork.shp,NODES_TC,-1,-1;wshd_name "wshd_name" true false false 254 Text 0 0 ,First,#,C:\ISEMP\Riverscapes\Appended_Products_20171121\GNAT_500mNetworks\LNFClearwater_SegmentedNetwork.shp,wshd_name,-1,-1;netid "netid" true false false 50 Text 0 0 ,First,#,C:\ISEMP\Riverscapes\Appended_Products_20171121\GNAT_500mNetworks\LNFClearwater_SegmentedNetwork.shp,netid,-1,-1" #</Process><Process ToolSource="c:\program files (x86)\arcgis\desktop10.1\ArcToolbox\Toolboxes\Data Management Tools.tbx\CalculateField" Date="20171128" Time="123141">CalculateField GNAT_MASTER V_Sin -99999 VB #</Process><Process ToolSource="c:\program files (x86)\arcgis\desktop10.1\ArcToolbox\Toolboxes\Data Management Tools.tbx\CalculateField" Date="20171128" Time="123149">CalculateField GNAT_MASTER Planform -99999 VB #</Process><Process ToolSource="c:\program files (x86)\arcgis\desktop10.1\ArcToolbox\Toolboxes\Data Management Tools.tbx\Append" Date="20171128" Time="123625">Append LMFSalmon_SegmentedNetwork GNAT_MASTER NO_TEST "C_Sin "C_Sin" true false false 19 Double 0 0 ,First,#,C:\ISEMP\Riverscapes\Appended_Products_20171121\GNAT_500mNetworks\LMFSalmon_SegmentedNetwork.shp,C_Sin,-1,-1;V_Sin "V_Sin" true false false 19 Double 0 0 ,First,#;Planform "Planform" true false false 19 Double 0 0 ,First,#;GRADIENT "GRADIENT" true false false 19 Double 0 0 ,First,#,C:\ISEMP\Riverscapes\Appended_Products_20171121\GNAT_500mNetworks\LMFSalmon_SegmentedNetwork.shp,GRADIENT,-1,-1;NODES_BM "NODES_BM" true false false 254 Text 0 0 ,First,#,C:\ISEMP\Riverscapes\Appended_Products_20171121\GNAT_500mNetworks\LMFSalmon_SegmentedNetwork.shp,NODES_BM,-1,-1;NODES_TC "NODES_TC" true false false 254 Text 0 0 ,First,#,C:\ISEMP\Riverscapes\Appended_Products_20171121\GNAT_500mNetworks\LMFSalmon_SegmentedNetwork.shp,NODES_TC,-1,-1;wshd_name "wshd_name" true false false 254 Text 0 0 ,First,#,C:\ISEMP\Riverscapes\Appended_Products_20171121\GNAT_500mNetworks\LMFSalmon_SegmentedNetwork.shp,wshd_name,-1,-1;netid "netid" true false false 50 Text 0 0 ,First,#,C:\ISEMP\Riverscapes\Appended_Products_20171121\GNAT_500mNetworks\LMFSalmon_SegmentedNetwork.shp,netid,-1,-1" #</Process><Process ToolSource="c:\program files (x86)\arcgis\desktop10.1\ArcToolbox\Toolboxes\Data Management Tools.tbx\CalculateField" Date="20171128" Time="123649">CalculateField GNAT_MASTER V_Sin -99999 VB #</Process><Process ToolSource="c:\program files (x86)\arcgis\desktop10.1\ArcToolbox\Toolboxes\Data Management Tools.tbx\CalculateField" Date="20171128" Time="123655">CalculateField GNAT_MASTER Planform -99999 VB #</Process><Process ToolSource="c:\program files (x86)\arcgis\desktop10.1\ArcToolbox\Toolboxes\Data Management Tools.tbx\Append" Date="20171128" Time="124503">Append MFClearwater_SegmentedNetwork GNAT_MASTER NO_TEST "C_Sin "C_Sin" true false false 19 Double 0 0 ,First,#,C:\ISEMP\Riverscapes\Appended_Products_20171121\GNAT_500mNetworks\MFClearwater_SegmentedNetwork.shp,C_Sin,-1,-1;V_Sin "V_Sin" true false false 19 Double 0 0 ,First,#;Planform "Planform" true false false 19 Double 0 0 ,First,#;GRADIENT "GRADIENT" true false false 19 Double 0 0 ,First,#,C:\ISEMP\Riverscapes\Appended_Products_20171121\GNAT_500mNetworks\MFClearwater_SegmentedNetwork.shp,GRADIENT,-1,-1;NODES_BM "NODES_BM" true false false 254 Text 0 0 ,First,#,C:\ISEMP\Riverscapes\Appended_Products_20171121\GNAT_500mNetworks\MFClearwater_SegmentedNetwork.shp,NODES_BM,-1,-1;NODES_TC "NODES_TC" true false false 254 Text 0 0 ,First,#,C:\ISEMP\Riverscapes\Appended_Products_20171121\GNAT_500mNetworks\MFClearwater_SegmentedNetwork.shp,NODES_TC,-1,-1;wshd_name "wshd_name" true false false 254 Text 0 0 ,First,#,C:\ISEMP\Riverscapes\Appended_Products_20171121\GNAT_500mNetworks\MFClearwater_SegmentedNetwork.shp,wshd_name,-1,-1;netid "netid" true false false 50 Text 0 0 ,First,#,C:\ISEMP\Riverscapes\Appended_Products_20171121\GNAT_500mNetworks\MFClearwater_SegmentedNetwork.shp,netid,-1,-1" #</Process><Process ToolSource="c:\program files (x86)\arcgis\desktop10.1\ArcToolbox\Toolboxes\Data Management Tools.tbx\CalculateField" Date="20171128" Time="124626">CalculateField GNAT_MASTER V_Sin -99999 VB #</Process><Process ToolSource="c:\program files (x86)\arcgis\desktop10.1\ArcToolbox\Toolboxes\Data Management Tools.tbx\CalculateField" Date="20171128" Time="124636">CalculateField GNAT_MASTER Planform -99999 VB #</Process><Process ToolSource="c:\program files (x86)\arcgis\desktop10.1\ArcToolbox\Toolboxes\Data Management Tools.tbx\CalculateField" Date="20171128" Time="124804">CalculateField GNAT_MASTER V_Sin -88888 VB #</Process><Process ToolSource="c:\program files (x86)\arcgis\desktop10.1\ArcToolbox\Toolboxes\Data Management Tools.tbx\CalculateField" Date="20171128" Time="124814">CalculateField GNAT_MASTER Planform -88888 VB #</Process><Process ToolSource="c:\program files (x86)\arcgis\desktop10.1\ArcToolbox\Toolboxes\Data Management Tools.tbx\Append" Date="20171128" Time="135821">Append NFJD_SegmentedNetwork GNAT_MASTER TEST # #</Process><Process ToolSource="c:\program files (x86)\arcgis\desktop10.1\ArcToolbox\Toolboxes\Data Management Tools.tbx\CalculateField" Date="20171128" Time="135945">CalculateField GNAT_MASTER V_Sin -88888 VB #</Process><Process ToolSource="c:\program files (x86)\arcgis\desktop10.1\ArcToolbox\Toolboxes\Data Management Tools.tbx\CalculateField" Date="20171128" Time="135953">CalculateField GNAT_MASTER Planform -88888 VB #</Process><Process ToolSource="c:\program files (x86)\arcgis\desktop10.1\ArcToolbox\Toolboxes\Data Management Tools.tbx\Append" Date="20171214" Time="145124">Append Lochsa_SegmentedNetwork gnat_500m_20171128 TEST # #</Process><Process ToolSource="c:\program files (x86)\arcgis\desktop10.1\ArcToolbox\Toolboxes\Data Management Tools.tbx\Append" Date="20171214" Time="145656">Append MSP_SegmentedNetwork gnat_500m_20171128 TEST # #</Process><Process ToolSource="c:\program files (x86)\arcgis\desktop10.1\ArcToolbox\Toolboxes\Data Management Tools.tbx\Append" Date="20171214" Time="145933">Append Pahsimeroi_SegmentedNetwork gnat_500m_20171128 TEST # #</Process><Process ToolSource="c:\program files (x86)\arcgis\desktop10.1\ArcToolbox\Toolboxes\Data Management Tools.tbx\CalculateField" Date="20171214" Time="150412">CalculateField gnat_500m_20171128 V_Sin -88888 VB #</Process><Process ToolSource="c:\program files (x86)\arcgis\desktop10.1\ArcToolbox\Toolboxes\Data Management Tools.tbx\CalculateField" Date="20171214" Time="150418">CalculateField gnat_500m_20171128 Planform -88888 VB #</Process></lineage><copyHistory><copy source="C:\ISEMP\Riverscapes\Appended_Products_20171121\GNAT_500mNetworks\GNAT_MASTER" dest="\\DESKTOP-3KBQTEM\C$\ISEMP\Riverscapes\Appended_Products_20171121\MasterFiles\GNAT_MASTER" date="20171128" time="14003700"></copy></copyHistory></DataProperties><SyncDate>20171102</SyncDate><SyncTime>11162400</SyncTime><ModDate>20171102</ModDate><ModTime>11162400</ModTime></Esri><dataIdInfo><envirDesc Sync="TRUE"> Version 6.2 (Build 9200) ; Esri ArcGIS 10.1.1.3143</envirDesc><dataLang><languageCode value="eng" Sync="TRUE"></languageCode><countryCode value="USA" Sync="TRUE"></countryCode></dataLang><idCitation><resTitle Sync="TRUE">SegmentedNetwork</resTitle><presForm><PresFormCd value="005" Sync="TRUE"></PresFormCd></presForm></idCitation><spatRpType><SpatRepTypCd value="001" Sync="TRUE"></SpatRepTypCd></spatRpType></dataIdInfo><mdLang><languageCode value="eng" Sync="TRUE"></languageCode><countryCode value="USA" Sync="TRUE"></countryCode></mdLang><mdChar><CharSetCd value="004" Sync="TRUE"></CharSetCd></mdChar><distInfo><distFormat><formatName Sync="TRUE">Shapefile</formatName></distFormat><distTranOps><transSize Sync="TRUE">0.000</transSize></distTranOps></distInfo><mdHrLv><ScopeCd value="005" Sync="TRUE"></ScopeCd></mdHrLv><mdHrLvName Sync="TRUE">dataset</mdHrLvName><refSysInfo><RefSystem><refSysID><identCode code="102008" Sync="TRUE"></identCode><idCodeSpace Sync="TRUE">ESRI</idCodeSpace><idVersion Sync="TRUE">10.1.1</idVersion></refSysID></RefSystem></refSysInfo><spatRepInfo><VectSpatRep><geometObjs Name="SegmentedNetwork"><geoObjTyp><GeoObjTypCd value="002" Sync="TRUE"></GeoObjTypCd></geoObjTyp><geoObjCnt Sync="TRUE">0</geoObjCnt></geometObjs><topLvl><TopoLevCd value="001" Sync="TRUE"></TopoLevCd></topLvl></VectSpatRep></spatRepInfo><spdoinfo><ptvctinf><esriterm Name="SegmentedNetwork"><efeatyp Sync="TRUE">Simple</efeatyp><efeageom code="3" Sync="TRUE"></efeageom><esritopo Sync="TRUE">FALSE</esritopo><efeacnt Sync="TRUE">0</efeacnt><spindex Sync="TRUE">FALSE</spindex><linrefer Sync="TRUE">FALSE</linrefer></esriterm></ptvctinf></spdoinfo><eainfo><detailed Name="SegmentedNetwork"><enttyp><enttypl Sync="TRUE">SegmentedNetwork</enttypl><enttypt Sync="TRUE">Feature Class</enttypt><enttypc Sync="TRUE">0</enttypc></enttyp><attr><attrlabl Sync="TRUE">FID</attrlabl><attalias Sync="TRUE">FID</attalias><attrtype Sync="TRUE">OID</attrtype><attwidth Sync="TRUE">4</attwidth><atprecis Sync="TRUE">0</atprecis><attscale Sync="TRUE">0</attscale><attrdef Sync="TRUE">Internal feature number.</attrdef><attrdefs Sync="TRUE">Esri</attrdefs><attrdomv><udom Sync="TRUE">Sequential unique whole numbers that are automatically generated.</udom></attrdomv></attr><attr><attrlabl Sync="TRUE">Shape</attrlabl><attalias Sync="TRUE">Shape</attalias><attrtype Sync="TRUE">Geometry</attrtype><attwidth Sync="TRUE">0</attwidth><atprecis Sync="TRUE">0</atprecis><attscale Sync="TRUE">0</attscale><attrdef Sync="TRUE">Feature geometry.</attrdef><attrdefs Sync="TRUE">Esri</attrdefs><attrdomv><udom Sync="TRUE">Coordinates defining the features.</udom></attrdomv></attr><attr><attrlabl Sync="TRUE">LineOID</attrlabl><attalias Sync="TRUE">LineOID</attalias><attrtype Sync="TRUE">Integer</attrtype><attwidth Sync="TRUE">9</attwidth><atprecis Sync="TRUE">9</atprecis><attscale Sync="TRUE">0</attscale></attr></detailed></eainfo><mdDateSt Sync="TRUE">20171102</mdDateSt></metadata>
